Tahun,Nomor Dokumen,Tanggal Mulai,Tanggal Berakhir,Negara,Nama Mitra,Link Dokumen
2012,2438/PL16/KL/2012,31 Juli 2012,30 Juli 2017,INDONESIA,FAKULTAS TEKNIK SIPIL DAN LINGKUNGAN INSTITUT TEKNOLOGI BANDUNG,https://drive.google.com/file/d/1dfnzePs7wErXDka0xVTw0yLkJ9UfzZAH/view?usp=sharing
2016,1376/PL16/KB/2016,19 Mei 2016,18 Mei 2021,INDONESIA,UNIVERSITAS BRAWIJAYA,https://drive.google.com/file/d/1drSzrP3VoFKaRoq-JpKPFfsqZMNV8R3p/view?usp=sharing
2014,927/PL16/KB/2014,26 November 2014,25 November 2019,INDONESIA,POLITEKNIK NEGERI BATAM,https://drive.google.com/file/d/1dPks5cl1xFyhcYWEmyhKKrRySd82K6qJ/view?usp=sharing
2014,926/PL16/KB/2014,26 November 2014,25 November 2019,INDONESIA,POLITEKNIK PERIKANAN NEGERI TUAL,https://drive.google.com/file/d/1dt_lFy0rsSQO78cK8HpIeD1fMr-kXOeg/view?usp=sharing
2014,161/PL16/KB/2014,12 Maret 2014,11 Maret 2019,INDONESIA,UNIVERSITAS TANJUNGPURA (UNTAN),https://drive.google.com/file/d/1dpLpG5vQOX20I_WYZlhLWN8p5A1lZzzq/view?usp=sharing
2014,406/PL16/KB/2014,19 Juni 2014,18 Juni 2019,INDONESIA,SMK NEGERI 1 PONTIANAK,https://drive.google.com/file/d/1dtRWwXweHleyJQ8ecbhrbjINwpvNvNvK/view?usp=sharing
2015,306/PL16/KB/2015,7 April 2015,5 April 2020,INDONESIA,INSTITUT AGAMA ISLAM NEGERI PONTIANAK,https://drive.google.com/file/d/1dmn0fREcCA_N-guicMlIxxeQynfmzoI9/view?usp=sharing
2016,0287/PL16/KB/2016,29 Januari 2016,27 Januari 2021,INDONESIA,POLITEKNIK NEGERI LAMPUNG,https://drive.google.com/file/d/1dSHz9keThJxAX4Ud5HZxzrx0uV0JiQJ6/view?usp=drive_link
2016,0286/PL16/KB/2016,29 Januari 2016,27 Januari 2021,INDONESIA,POLITEKNIK PERTANIAN NEGERI PANGKEP,https://drive.google.com/file/d/1dQAi4Mp5FH0SLV5PSJj5dVZTnJ5VPm2C/view?usp=sharing
2016,-,6 Juni 2016,-,INDONESIA,UNIVERSITAS TANJUNGPURA (UNTAN),https://drive.google.com/file/d/1dnLKIM_r5d6SpT-a6dPfVxpnZzE6RVdq/view?usp=sharing
2016,-,6 Juni 2016,-,UNITED KINGDOM,UNIVERSITY OF LEICESTER,https://drive.google.com/file/d/1dnLKIM_r5d6SpT-a6dPfVxpnZzE6RVdq/view?usp=sharing
2012,-,12 Desember 2012,-,UNITED STATES OF AMERICA,UNIVERSITY OF HAWAI'I AT KAPI'OLANI COMMUNITY COLLEGE,https://drive.google.com/file/d/1d_EXVhIHp4jooP8TX_ajJ0tHxKPWL7sa/view?usp=sharing
2015,-,23 Juni 2015,21 Juni 2020,MALAYSIA,UNIVERSITY COLLEGE OF TECHNOLOGY SARAWAK (UCTS),https://drive.google.com/file/d/1dsjk5qvW7L6e6xZiKZDWj8bTheUmAY53/view?usp=sharing
2014,-,11 Juni 2014,10 Juni 2019,FRANCE,UNIVERSITE DE VALENCIENNES ET DU HAINAUT-CAMBRESIS,https://drive.google.com/file/d/1doHgwwNFP1cdQkd3MSS9xGOJk8N7f4Dm/view?usp=sharing
2015,-,26 November 2015,24 November 2020,FRANCE,UNIVERSITE DE VALENCIENNES ET DU HAINAUT-CAMBRESIS,https://drive.google.com/file/d/1dmr2x8ayuoKmWDTUsofVk9DR96o6H5gw/view?usp=sharing
2015,-,12 Oktober 2015,10 Oktober 2020,UNITED KINGDOM,UNIVERSITY OF LEICESTER,https://drive.google.com/drive/folders/1w7tNoe43XR2zJfyS3FsxdExbCE7boEOS?usp=drive_link
2011,-,25 Juni 2011,-,INDONESIA,SUPM NEGERI PONTIANAK,https://drive.google.com/file/d/1dsk2okVFsT25ij1UOiKRK_Q8waYv_Foi/view?usp=sharing
2014,-,4 Februari 2014,3 Februari 2018,INDONESIA,SMK NEGERI 1 SANGGAU LEDO,https://drive.google.com/file/d/1dtTtXzVw7kkfVxy2WhK12gr_029KlI6N/view?usp=sharing
2013,-,1 Juli 2013,30 Juni 2016,INDONESIA,SMK NEGERI 9 PONTIANAK,https://drive.google.com/file/d/1dswEflqREIxjE6u6M5_3gacAXfv19IMx/view?usp=sharing
2012,-,29 Mei 2012,28 Mei 2017,MALAYSIA,POLITEKNIK MUKAH SARAWAK (PMU),https://drive.google.com/file/d/1dS_LD68n4QRzJj_8QZGS4Wc254ErbEui/view?usp=sharing
2016,-,16 September 2016,15 September 2021,MALAYSIA,POLITEKNIK KUCHING SARAWAK,https://drive.google.com/file/d/1dQKn3gd2rkwyUJSNe8mp-OsvY_NKWlp8/view?usp=sharing
2016,-,30 Juli 2016,-,UNITED STATES OF AMERICA,MUSCATINE COMMUNITY COLLEGE,https://drive.google.com/file/d/1dZfvNiljcoKWV7pS5Up25Qgvh_KsrL7n/view?usp=sharing
2012,-,12 Desember 2012,-,UNITED STATES OF AMERICA,HIGHLINE COMMUNITY COLLEGE,https://drive.google.com/file/d/1db4ecCbx4N0P2J9-80055EWiw4sEck3n/view?usp=sharing
2011,-,4 Mei 2011,3 Mei 2013,MALAYSIA,FACULTY OF EDUCATION UNIVERSITI TEKNOLOGI MALAYSIA,https://drive.google.com/file/d/1donA9bRvIPStArnoW0aD3rcdN1mys49s/view?usp=sharing
2016,01/PL16/KS/2016,17 Februari 2016,16 Februari 2019,INDONESIA,DIREKTORAT KERJA SAMA DAN PEMBERDAYAAN DIREKTORAT JENDERAL BINA KONSTRUKSI KEMENTERIAN PEKERJAAN UMUM DAN PERUMAHAN RAKYAT,https://drive.google.com/file/d/1d5Vxo2o1YDiymcV_QEgB9qQfNbdJKqQt/view?usp=sharing
2014,008/PL16/KB/2014,9 Januari 2014,-,INDONESIA,LEMBAGA PENGEMBANGAN JASA KONSTRUKSI PROVINSI KALIMANTAN BARAT,https://drive.google.com/file/d/1cfNzs4nNBGQWhASp7UEK0zU9XJnfoNuf/view?usp=sharing
2015,036/PL16/KB/2015,20 Januari 2015,20 Januari 2016,INDONESIA,PEMERINTAH KABUPATEN SINTANG,https://drive.google.com/file/d/1dOKElCuMbceRAR8LpF8ammt78kJ3JtRh/view?usp=sharing
2013,040/PL16/KB/2013,1 Oktober 2013,-,INDONESIA,PEMERINTAH KOTA SINGKAWANG,https://drive.google.com/file/d/1dMpM1u2KGCwkfGzAj6ceaUZkj7EBF54E/view?usp=sharing
2013,431/PL16/KB/2013,19 Desember 2013,18 Desember 2018,INDONESIA,PERUSAHAAN ANEKA DODOL ACC,https://drive.google.com/file/d/1d0XQi6-uyMTpOVMLXGs4TZjkgX4-3gMD/view?usp=sharing
2013,058/PL16/KB/2013,4 Oktober 2013,3 Oktober 2018,INDONESIA,PEMERINTAH KABUPATEN KAYONG UTARA,https://drive.google.com/file/d/1d1oIDkUa-OufcoFtly3xUh52r35me6ou/view?usp=sharing
2014,173/PL16/KB/2014,18 Maret 2014,18 Maret 2015,INDONESIA,KEJAKSAAN NEGERI KOTA PONTIANAK,https://drive.google.com/file/d/1d4bIA-BqIybFMeeZhMCzd401D8RMpq46/view?usp=sharing
2013,265/PL16/KB/2013,13 November 2013,12 November 2018,INDONESIA,CV YALE SKYNET,https://drive.google.com/file/d/1cZmXdHH9RT_8I0C1IAdUl-D9c5pSCbbZ/view?usp=sharing
2014,269/PL16/KB/2014,2 Mei 2014,1 Mei 2019,INDONESIA,PT SUCOFINDO (PERSERO),https://drive.google.com/file/d/1cuZuGm2fbWvAueJwq9x-KBHEu8qoU8m_/view?usp=sharing
2014,270/PL16/KB/2014,2 April 2014,1 April 2019,INDONESIA,PT TELEKOMUNIKASI INDONESIA Tbk,https://drive.google.com/file/d/1cX3lZEwJcajJowLpEGmGCxwXQ5eIZ6zM/view?usp=sharing
2014,305/PL16/KB/2014,16 Mei 2014,15 Mei 2019,INDONESIA,PERUSAHAAN MINUMAN RINGAN RUSA,https://drive.google.com/file/d/1d-A2QCsfUhDWMZ956ugbB5LIDv0eV9Po/view?usp=sharing
2014,310.A/PL16/KB/2014,16 Mei 2014,15 Mei 2019,INDONESIA,PERUSAHAAN MAKANAN UNGGAS SUMBER PROTEIN,https://drive.google.com/file/d/1d0LEk4gRsniITmXQ-JbSl9cGYsFqf0Ib/view?usp=sharing
2014,375/PL16/KB/2014,10 Juni 2014,9 Juni 2019,INDONESIA,PT BHAKTI KARYA MANDIRI,https://drive.google.com/file/d/1cUJezb783fg6mTm3PPdvuxQa9qUbHbVG/view?usp=sharing
2013,425/PL16/KB/2013,19 Desember 2013,18 Desember 2018,INDONESIA,"DINAS PERHUBUNGAN, KOMUNIKASI, DAN INFORMATIKA KOTA SINGKAWANG",https://drive.google.com/file/d/1d6bQxMsh7cGnkBzZaEhHwbBD2B_YBehi/view?usp=sharing
2013,426/PL16/KB/2013,19 Desember 2013,18 Desember 2018,INDONESIA,PT. BANK MANDIRI CABANG SINGKAWANG,https://drive.google.com/file/d/1d0CLAKtkJdrwkAc3vxQXJ_1B6S2CsFz5/view?usp=sharing
2015,426/PL16/KB/2015,8 Mei 2015,6 Mei 2020,INDONESIA,PT. TELEKOMUNIKASI SELULAR,https://drive.google.com/file/d/1cwTCsgV7KAJSmfuDbfGsLQiAGl9MWvID/view?usp=sharing
2013,427/PL16/KB/2013,19 Desember 2013,18 Desember 2018,INDONESIA,"DINAS PERINDUSTRIAN, PERDAGANGAN KOPERASI DAN UKM KOTA SINGKAWANG",https://drive.google.com/file/d/1dMBZCiPv-_hDX-egBHZr4ET6z2E3zT5C/view?usp=sharing
2013,428/PL16/KB/2013,19 Desember 2013,18 Desember 2018,INDONESIA,DINAS PERTANIAN DAN KEHUTANAN KOTA SINGKAWANG,https://drive.google.com/file/d/1d6X8ILPKPsYhMdoMrYv7V7TsoEaGPcTS/view?usp=sharing
2013,429/PL16/KB/2013,19 Desember 2013,18 Desember 2018,INDONESIA,PT. BANK NEGERA INDONESIA CABANG SINGKAWANG,https://drive.google.com/file/d/1cRaxU66ubTjonNoPHwa_xTInITmCAXsu/view?usp=sharing
2013,430/PL16/KB/2013,19 Desember 2013,18 Desember 2018,INDONESIA,PT. SINKA SINYE AGROTAMA,https://drive.google.com/file/d/1cunhH_hFqSvv_Jj1mHbfeSk6aRW9Y3Z2/view?usp=sharing
2015,431/PL16/KB/2015,11 Mei 2015,9 Mei 2020,INDONESIA,PEMERINTAH KABUPATEN SAMBAS,https://drive.google.com/file/d/1d0hoUCvq9EHwlfd5fggbM0Ww3FiM1-SV/view?usp=sharing
2015,441/PL16/KB/2015,15 Mei 2015,13 Mei 2020,INDONESIA,PEMERINTAH KABUPATEN KAPUAS HULU,https://drive.google.com/file/d/1d48V5GW0nXpirw5ypg7M6b90mzQFZb6Q/view?usp=sharing
2015,500/PL16/KB/2015,3 Juni 2015,-,INDONESIA,PEMERINTAH KABUPATEN KAPUAS HULU,https://drive.google.com/file/d/1dK6BKMU--1eElRP_f8KtSopwIR9EsX6K/view?usp=sharing
2015,546/PL16/KB/2015,16 Juni 2015,15 Juni 2018,INDONESIA,DIREKTUR JENDERAL PENGENDALIAN DAERAH ALIRAN SUNGAI DAN HUTAN LINDUNG KEMENTERIAN LINGKUNGAN HIDUP DAN KEHUTANAN,https://drive.google.com/file/d/1d5Qjcq5TLTm0luhTJOgWZaXiQkfTiZJL/view?usp=sharing
2014,586/PL16/KB/2014,25 Agustus 2014,24 Agustus 2017,INDONESIA,PT. BANK PEMBANGUNAN DAERAH KALIMANTAN BARAT,https://drive.google.com/file/d/1cUsj_-4c148wGYEDSvoH7QTgu6di0dQJ/view?usp=sharing
2014,0640/PL16/KB/2014,9 September 2014,8 September 2017,INDONESIA,PT. BANK PEMBANGUNAN DAERAH KALIMANTAN BARAT,https://drive.google.com/file/d/1cki0sPv-8mBiL7h5v4lk5N3SvdRuBJjb/view?usp=sharing
2016,0711/PL16/KB/2016,14 Maret 2016,-,INDONESIA,PEMERINTAH KABUPATEN KAPUAS HULU,https://drive.google.com/file/d/1dJePif4xWqDgnwz513oc65hTXpIFeYXf/view?usp=sharing
2015,727/PL16/KB/2015,10 Agustus 2015,9 Agustus 2019,INDONESIA,PEMERINTAH KABUPATEN SAMBAS,https://drive.google.com/file/d/1dAp5G5phFlxSY2W8EJ-LNod5M4LM6zSk/view?usp=sharing
2014,770/PL16/KB/2014,13 Oktober 2014,12 Oktober 2019,INDONESIA,PT. PROBESCO DISATAMA CABANG PONTIANAK,https://drive.google.com/file/d/1cX6sZ3z-Cn4K7WZyOgeEavAB78-z__vh/view?usp=sharing
2015,0852/PL16/KS/2015,19 Maret 2015,17 Maret 2020,INDONESIA,PEMERINTAH KABUPATEN MEMPAWAH,https://drive.google.com/file/d/1d1TjR4ydwwJwRtHRtkL4zj-GqJdTvaxu/view?usp=sharing
2016,1349/PL16/KB/2016,16 Mei 2016,-,INDONESIA,KANTOR LINGKUNGAN HIDUP KABUPATEN KAPUAS HULU,https://drive.google.com/file/d/1cn1slVOI9CriGRU4UOVxpcPnsXcf00-Y/view?usp=sharing
2016,1352/PL16/KB/2016,16 Mei 2016,16 Mei 2017,INDONESIA,HOME INDUSTRI KRIPIK YESHA,https://drive.google.com/file/d/1clxsDJ_Q1TTjH9gVvT_MB1TTz8QrVxgA/view?usp=sharing
2012,1404/PL16/KS/2012,26 April 2012,25 April 2017,INDONESIA,HIMPUNAN PENGUSAHA MUDA INDONESIA,https://drive.google.com/file/d/1ce5Ia0d7sZ4p1idnh9AptOWcETksC_6S/view?usp=sharing
2016,1481/PL16/KB/2016,27 Mei 2016,26 Mei 2021,INDONESIA,HOME INDUSTRI MOCAF,https://drive.google.com/file/d/1cWQNs1ZHINOAksUbkZJ0vgdeMPMCSGxM/view?usp=sharing
2016,1482/PL16/KB/2016,27 Mei 2016,27 Mei 2017,INDONESIA,HOME INDUSTRI MOCAF,https://drive.google.com/file/d/1cmRo1nB9xduMjBMp95LhghpZmYML3ka3/view?usp=sharing
2013,1873/PL16/KS/2013,20 Juni 2013,16 Juni 2028,INDONESIA,CV. PRIMA TEKNIK,https://drive.google.com/file/d/1cyF04XheIxXlqJabSSudp4xHB0o0kagO/view?usp=sharing
2016,2011/PL16/KB/2016,25 Juli 2016,25 Juli 2017,INDONESIA,BANK INDONESIA,https://drive.google.com/file/d/1d7-21x8Vq8HgUdNMIjuQ-D0QFx_WCGkQ/view?usp=sharing
2015,2183/PL16/KB/2015,1 Desember 2015,29 November 2020,INDONESIA,IKATAN AKUNTAN INDONESIA WILAYAH JAWA BARAT,https://drive.google.com/file/d/1ca803snJ2wNW7XoLEYCfn9ZAiQ1tYaaE/view?usp=sharing
2015,2363/PL16/KB/2015,28 Desember 2015,26 Desember 2020,INDONESIA,INSTITUT AKUNTAN PUBLIK INDONESIA,https://drive.google.com/file/d/1ccF_D5xneau4FlecWO_4WG38d7AkXC7K/view?usp=sharing
2015,2364/PL16/KB/2016,28 Desember 2015,27 Desember 2017,INDONESIA,INSTITUT AKUNTAN PUBLIK INDONESIA,https://drive.google.com/file/d/1cXn93cGpGU3_kf9xvQz9ft5iuyRdCKHJ/view?usp=sharing
2012,2383/PL16/KS/2012,27 Juli 2012,26 Juli 2017,INDONESIA,PEMERINTAH KABUPATEN KAPUAS HULU,https://drive.google.com/file/d/1d3Wc6m4sLRbLmznr8JubwyqP5kLOP043/view?usp=sharing
2013,3046/PL16/KS/2013,16 September 2013,15 September 2018,INDONESIA,INCASI RAYA GROUP,https://drive.google.com/file/d/1cseStqpo4Y4PbwYo_qc5vkpMnj5Wml6U/view?usp=sharing
2016,3181/PL16/KB/2016,14 September 2016,-,INDONESIA,PT. BURSA EFEK INDONESIA,https://drive.google.com/file/d/1cqjdhwXmBLMMivtHjohxvMI3UDHYglq6/view?usp=sharing
2016,3181/PL16/KB/2016,14 September 2016,-,INDONESIA,PT. BUMIPUTERA SEKURITAS,https://drive.google.com/file/d/1cqjdhwXmBLMMivtHjohxvMI3UDHYglq6/view?usp=sharing
2016,3251/PL16/KB/2016,23 September 2016,22 September 2021,INDONESIA,PT. SUMBER ALAM PONTIANAK,https://drive.google.com/file/d/1ctvsMBOIcYuy-hxSenGXZ_PDNqJ-MrWi/view?usp=sharing
2014,3278/PL16/KS/2014,23 September 2014,22 September 2019,INDONESIA,PEMERINTAH PROVINSI KALIMANTAN BARAT,https://drive.google.com/file/d/1dHAeiXRrKGIOyfOUtxrISdAK0i2jUeiW/view?usp=sharing
2014,3278/PL16/KS/2014,23 September 2014,22 September 2019,INDONESIA,KEMENTERIAN PERTANIAN REPUBLIK INDONESIA,https://drive.google.com/file/d/1dHAeiXRrKGIOyfOUtxrISdAK0i2jUeiW/view?usp=sharing
2014,3278/PL16/KS/2014,23 September 2014,22 September 2019,INDONESIA,KEMENTERIAN PERINDUSTRIAN REPUBLIK INDONESIA,https://drive.google.com/file/d/1dHAeiXRrKGIOyfOUtxrISdAK0i2jUeiW/view?usp=sharing
2014,3278/PL16/KS/2014,23 September 2014,22 September 2019,INDONESIA,INSTITUT PERTANIAN BOGOR,https://drive.google.com/file/d/1dHAeiXRrKGIOyfOUtxrISdAK0i2jUeiW/view?usp=sharing
2016,3413/PL16/KB/2016,17 Oktober 2016,16 Oktober 2021,INDONESIA,PT. SEJAHTERA,https://drive.google.com/file/d/1cvQZhz_mr7p2R-vGakfmP8zHJUuN1VzF/view?usp=sharing
2016,3581/PL16/KB/2016,9 November 2016,9 November 2017,INDONESIA,PEMERINTAH KABUPATEN SANGGAU,https://drive.google.com/file/d/1cWze05jKEglCtPXtxfU-TrCGukYmwkQ5/view?usp=sharing
2016,3582/PL16/KB/2016,9 November 2016,-,-,-,https://drive.google.com/file/d/1dFKLYnhwxahSP-rDm5vmFWrokB46enQy/view?usp=sharing
2016,3582/PL16/KB/2016,9 November 2016,-,-,-,https://drive.google.com/file/d/1dFKLYnhwxahSP-rDm5vmFWrokB46enQy/view?usp=sharing
2016,3582/PL16/KB/2016,9 November 2016,-,-,-,https://drive.google.com/file/d/1dFKLYnhwxahSP-rDm5vmFWrokB46enQy/view?usp=sharing
2016,3582/PL16/KB/2016,9 November 2016,-,-,-,https://drive.google.com/file/d/1dFKLYnhwxahSP-rDm5vmFWrokB46enQy/view?usp=sharing
2016,3582/PL16/KB/2016,9 November 2016,-,-,-,https://drive.google.com/file/d/1dFKLYnhwxahSP-rDm5vmFWrokB46enQy/view?usp=sharing
2016,3582/PL16/KB/2016,9 November 2016,-,-,-,https://drive.google.com/file/d/1dFKLYnhwxahSP-rDm5vmFWrokB46enQy/view?usp=sharing
2016,3831/PL16/KB/2016,14 Desember 2016,14 Desember 2019,INDONESIA,DINAS KESEHATAN KOTA PONTIANAK,https://drive.google.com/file/d/1d8hf7ePczcLi5bCn4SFqjFRAumgx8EHH/view?usp=sharing
2017,58-5/KS/OL/AAJI-POLNEP/2018,4 Desember 2017,4 Desember 2018,INDONESIA,ASOSIASI ASURANSI JIWA INDONESIA,https://drive.google.com/file/d/1eTy0BOG8R-mBreVUuOAgegqB5b07xZl3/view?usp=sharing
2017,-,20 Juni 2017,19 Juni 2022,CHINA,"GUIYANG VOCATIONAL AND TECHNICAL COLLEGE, P.R. China",https://drive.google.com/file/d/1eMfQRdqED9ZYTdoB0McdUTU95V7Lb0gw/view?usp=sharing
2017,-,20 Juni 2017,19 Juni 2022,CHINA,"GUIZHOU INSTITUTE OF TECHNOLOGY, P.R. CHINA",https://drive.google.com/file/d/1eKSiGT4eeQ7ohhNaiLw9Pp1prEbArF0U/view?usp=sharing
2017,-,20 Juni 2017,19 Juni 2022,CHINA,"GUIZHOU JIAO TONG COLLEGE, P.R. CHINA",https://drive.google.com/file/d/1eLMbwcBF_-9wNZlYT9HEncGlkK44AZSf/view?usp=sharing
2017,-,20 Juni 2017,19 Juni 2022,CHINA,"GUIZHOU POLYTECHNIC OF CONSTRUCTION, P.R. CHINA",https://drive.google.com/file/d/1eH4cih4cF670mlN9SI-ej5PQDnY0clj_/view?usp=sharing
2017,-,8 Mei 2017,7 Mei 2022,FRANCE,UNIVERSITE DE CERGY-PONTOISE,https://drive.google.com/file/d/1eOFaNbIFWrURpcXiXaThLTOVs-II4cx_/view?usp=sharing
2017,-,18 Oktober 2017,18 Oktober 2018,INDONESIA,PERKUMPULAN MASYARAKAT BAJA INDONESIA,https://drive.google.com/file/d/1eUujH0_d-Y8rb9ECkbDqtNBl78mvFyL2/view?usp=drive_link
2017,-,15 Maret 2017,-,INDONESIA,PT. BANK RAKYAT INDONESIA SYARIAH CABANG PONTIANAK,https://drive.google.com/file/d/1eEuzpTdfNiMtwm9wzFoW4OAFLdCHddHS/view?usp=sharing
2017,-,8 Agustus 2017,8 Agustus 2018,INDONESIA,BANK SYARIAH MANDIRI AREA PONTIANAK,https://drive.google.com/file/d/1eBPORyEyxLpmOJpUgTI5jNQo0ZdJ6Lzx/view?usp=sharing
2017,-,4 September 2017,4 September 2019,INDONESIA,SEKRETARIAT DAERAH KABUPATEN MEMPAWAH,https://drive.google.com/file/d/1eZcyv7ZkssnuFYMUMuDuCl62yXBcwl0a/view?usp=sharing
2017,-,2 Mei 2017,1 Mei 2022,FRANCE,UNIVERSITE LILLE SCIENCES ET TECHNOLOGIES,https://drive.google.com/file/d/1eOZvOgtYInuoOjLpFRpb0xrwwNXVLcog/view?usp=sharing
2017,-,4 Agustus 2017,3 Agustus 2022,FRANCE,UNIVERSITE DE CERGY-PONTOISE,https://drive.google.com/file/d/1eRUhbWFKsU1MQY6IHJArZh9jJJqbRvev/view?usp=sharing
2017,-,23 Maret 2017,-,FRANCE,UNIVERSITE DE LORRAINE,https://drive.google.com/file/d/1eN2jX9WADreDElMuZsNis47TV8aboNtV/view?usp=sharing
2017,-,19 Oktober 2017,-,FRANCE,UNIVERSITE DU LITTORAL COTE d'OPALE,https://drive.google.com/file/d/1ec2Sl9Lv551TGs9Laefy1PzVPDicd2lv/view?usp=sharing
2017,-,16 Juni 2017,15 Juni 2022,FRANCE,UNIVERSITE D'ARTOIS,https://drive.google.com/file/d/1eMqJrWaARlKqMPWj5ShGTKc5iKxwWapE/view?usp=sharing
2017,-,26 April 2017,25 April 2022,FRANCE,UNIVERSITE DE LORRAINE,https://drive.google.com/file/d/1eNrXZtUYZ4obazQBfM7Fslv0vSjcyHzo/view?usp=sharing
2017,-,20 Juni 2017,19 Juni 2022,CHINA,"TONGREN POLYTECHNIC COLLEGE, P.R. CHINA",https://drive.google.com/file/d/1eJue88f2B8C02Nk3_VViLQqk51i44YKH/view?usp=sharing
2017,011/PL16/KB/2017,5 Januari 2017,4 Januari 2022,INDONESIA,SEKOLAH TINGGI ILMU EKONOMI INDONESIA PONTIANAK,https://drive.google.com/file/d/1e0gG84D4cL0pn9xgwDTXpllsoj1Py-Sq/view?usp=sharing
2017,012/PL16/KB/2017,5 Januari 2017,4 Januari 2022,INDONESIA,SEKOLAH TINGGI BAHASA ASING PONTIANAK,https://drive.google.com/file/d/1dzSuDSRHnTowFmzXLMkyVccy9IUBEaxt/view?usp=sharing
2017,013/PL16/KB/2017,5 Januari 2017,4 Januari 2022,INDONESIA,AKADEMI SEKRETARI MANAJEMEN INDONESIA PONTIANAK,https://drive.google.com/file/d/1e-W6I4SdLSCTCj8oOmOSLFmIxVN4j1H7/view?usp=sharing
2017,0101/PL16/KB/2017,1 Februari 2017,31 Januari 2022,INDONESIA,KANWIL DJP KALIMANTAN BARAT,https://drive.google.com/file/d/1eZyLK8Rb1UbEqQYnme4ibfrNSYgaG8j4/view?usp=sharing
2017,0145/PL16/PDD-KH/2017,19 April 2017,-,INDONESIA,"DINAS PEKERJAAN UMUM, BINA MARGA, DAN SUMBER DAYA AIR KABUPATEN KAPUAS HULU",https://drive.google.com/file/d/1eVkaNv1OSM9A7VIsTEq2N8aH6LAGXm4s/view?usp=sharing
2017,0176/PL16/KB/2017,21 Februari 2017,21 Februari 2018,INDONESIA,HOME INDUSTRI KRUPUK BASAH ASYIFA,https://drive.google.com/file/d/1eSSebeqWo9BExKTHrPCUbP5gcl-TigWz/view?usp=sharing
2017,0981/PL.16/KS/2017,7 Maret 2017,6 Maret 2020,INDONESIA,DIREKTORAT PENGEMBANGAN JARINGAN JALAN DIREKTORAT JENDERAL BINA MARGA KEMENTERIAN PEKERJAAN UMUM DAN PERUMAHAN RAKYAT,https://drive.google.com/file/d/1eYNfvrx0DW2P1MH7ERD0pKXxBVO0LkVz/view?usp=sharing
2017,0982/PL.16/KS/2017,7 Maret 2017,6 Maret 2020,INDONESIA,SUB DIREKTORAT ANALISA DATA DAN PENGEMBANGAN SISTEM DIREKTORAT PENGEMBANGAN JARINGAN JALAN DIREKTORAT JENDERAL BINA MARGA,https://drive.google.com/file/d/1eXZwnZgsRKNRe3gQrDGOzGVTvKr6zvXK/view?usp=sharing
2017,1201/PL16/KB/2017,1 Maret 2017,28 Februari 2022,INDONESIA,PT. BANK RAKYAT INDONESIA SYARIAH CABANG PONTIANAK,https://drive.google.com/file/d/1eH1sS3AUX65LazF2kLIzXPnoHMyDGsh-/view?usp=sharing
2017,1202/PL16/KB/2017,15 Maret 2017,14 Maret 2022,INDONESIA,PT. BANK RAKYAT INDONESIA SYARIAH CABANG PONTIANAK,https://drive.google.com/file/d/1eEEt3ZZENhOn7JusDG8sWdlRU1n321xx/view?usp=sharing
2017,1365/PL16/KB2017,17 April 2017,16 April 2020,INDONESIA,PT. ASURANSI UMUM BUMIPUTERA MUDA 1967,https://drive.google.com/file/d/1e771kHBfpQYwAhSaKXKW66K9RtAw2RHe/view?usp=sharing
2017,1370/PL16/KB/2017,17 April 2017,29 April 2017,INDONESIA,PT. INDONESIA CHEMICAL ALUMINA,https://drive.google.com/file/d/1e68mFOTi-Zluif_2KjFEc0-gGDelNM_S/view?usp=sharing
2017,1387/PL16/KB/2017,21 April 2017,20 April 2020,INDONESIA,UNIVERSITAS PERSADA INDONESIA Y.A.I,https://drive.google.com/file/d/1e4tS3OUFloOUuBmR0STS6l8IG5IQkxjS/view?usp=sharing
2017,1421/PL16/KB/2017,4 Mei 2017,3 Mei 2022,INDONESIA,PT. UNITED TRACTORS TBK CABANG PONTIANAK,https://drive.google.com/file/d/1e9BaKiAJARbzNTYKO-0639ooSYvMdc8V/view?usp=sharing
2017,1424/PL16/KB/2017,4 Mei 2017,4 Mei 2018,INDONESIA,PEMERINTAH KOTA PONTIANAK,https://drive.google.com/file/d/1ebyTIwqSZCrxEFTZOMQgZdphsruQGPOE/view?usp=sharing
2017,1696/PL16/KB/2017,4 Agustus 2017,-,INDONESIA,PEMERINTAH KABUPATEN KAPUAS HULU,https://drive.google.com/file/d/1eYd9M2DP57XsSq0sBQsLt92sNFKjm4jS/view?usp=sharing
2017,1861/PL16/KB/2017,22 September 2017,21 September 2022,INDONESIA,POLITEKNIK NEGERI SAMBAS,https://drive.google.com/file/d/1e5gO5RvyoJbCTlAmqpbKYrYdAxp8mHja/view?usp=sharing
2017,2011/PL16/KB/2017,3 November 2017,3 November 2019,INDONESIA,KOMITE OLAHRAGA NASIONAL INDONESIA (KONI) PROVINSI KALIMANTAN BARAT,https://drive.google.com/file/d/1e8ZUuJhZxCUXlEFLFUOmewK9s04hnLbk/view?usp=sharing
2017,2031/PL16/KB/2017,9 November 2017,8 November 2022,INDONESIA,ASOSIASI KONSULTAN PAJAK PUBLIK INDONESIA (AKP2I),https://drive.google.com/file/d/1eSv6Rg2ykoW6Wl1noWVNlUT1US2VxpZs/view?usp=sharing
2017,2046/PL16/KB/2017,14 November 2017,14 November 2018,INDONESIA,"DINAS PERDAGANGAN INDUSTRI, KOPERASI, DAN UKM KOTA SINGKAWANG",https://drive.google.com/file/d/1eWOsoPCoN4eU5MWh1lVEXwS-B6fBTQqz/view?usp=sharing
2017,2101/PL16/KB/2017,29 November 2017,29 November 2018,INDONESIA,PEMERINTAH KABUPATEN SANGGAU,https://drive.google.com/file/d/1eXEBCq0d_bVagEQk1KlyRJP87rFxZ36E/view?usp=sharing
2017,2131/PL16/KB/2017,12 Desember 2017,11 Desember 2022,INDONESIA,UNIVERSITAS TERBUKA PONTIANAK,https://drive.google.com/file/d/1e5Pd7E2Pco4hL_YtP5ZALW-DoX6JXj8c/view?usp=sharing
2016,58-4/KS/OL/AAJI-POLNEP/2017,1 Desember 2016,1 Desember 2017,INDONESIA,ASOSIASI ASURANSI JIWA INDONESIA,https://drive.google.com/file/d/1W8CWJ5Lylj3UujB6TTr_9aKBMn3WHo_D/view?usp=sharing
2019,-,26 Januari 2019,26 April 2019,THAILAND,SOUTHEAST ASIAN MINISTER OF EDUCATION (SEAMEO) SECRETARIAT,https://drive.google.com/file/d/1WmIcRsusbPEHwO1Sa-3OXIngYjd8TzdP/view?usp=sharing
,-,-,-,REPUBLIC OF KOREA,CHUNG CHEONG UNIVERSITY,https://drive.google.com/file/d/1WqAMTd9F6f9fI4UDCOBTdcuAcp5yXnz6/view?usp=sharing
2018,-,22 Maret 2018,-,MALAYSIA,KEMENTERIAN PENDIDIKAN MALAYSIA,https://drive.google.com/file/d/1WrW0bj3mwIg-OhJzO1GpH5ngjtBhmduV/view?usp=sharing
2018,-,5 Desember 2018,4 Desember 2023,MALAYSIA,MANAGEMENT AND SCIENCE UNIVERSITY (MSU),https://drive.google.com/file/d/1WnhSGf2YpIY7jeADe9CV0iqT7OXu3ntQ/view?usp=sharing
2018,-,31 Mei 2018,30 Mei 2023,MALAYSIA,MANAGEMENT AND SCIENCE UNIVERSITY (MSU),https://drive.google.com/file/d/1WriSEKrwnyJKjD5u2zcaOEz85N1AL0BX/view?usp=sharing
2018,-,19 September 2018,18 September 2022,MALAYSIA,POLITEKNIK MUKAH SARAWAK (PMU),https://drive.google.com/file/d/1WrglC9eR8V05llAI74qmWaRef7HrvE2t/view?usp=sharing
2018,-,19 Februari 2018,-,AUSTRALIA,SOUTH METROPOLITAN TAFE,https://drive.google.com/file/d/1X8-Lv3Hm8GUTYUG0tV5I7rnRW9b4uv_D/view?usp=sharing
2018,-,12 Februari 2018,11 Februari 2023,TAIWAN,SOUTHERN TAIWAN UNIVERSITY OF SCIENCE AND TECHNOLOGY (STUTS),https://drive.google.com/file/d/1Wr5R9461pr6Akp2G1Xoaq2E00h3u_TsQ/view?usp=sharing
2018,0007/PL16/KB/2018,3 Januari 2018,2 Januari 2021,INDONESIA,RSUD SULTAN SYARIF MOHAMAD ALKADRIE,https://drive.google.com/file/d/1X7gk96UMhioMm5xgSLipauor0f9ICNsI/view?usp=sharing
2018,0046/PL16/KB/2018,5 Januari 2018,-,INDONESIA,"DINAS PEKERJAAN UMUM, BINA MARGA, DAN SUMBER DAYA AIR KABUPATEN KAPUAS HULU",https://drive.google.com/file/d/1WzuksBvYFV17dZe2EfSCEzJuTtj9Ul-j/view?usp=sharing
2018,0071/PL16/KB/2018,22 Januari 2018,21 Januari 2023,INDONESIA,PEMERINTAH KABUPATEN BENGKAYANG,https://drive.google.com/file/d/1WyjLqSk6DI0GDNXXYEIlsRFPY0JGPuSf/view?usp=sharing
2018,0072/PL16/KB/2018,22 Januari 2018,22 Januari 2019,INDONESIA,PEMERINTAH KABUPATEN SANGGAU,https://drive.google.com/file/d/1WxE-j8_yCneSEW7rFF09H_Mty-55q6ZT/view?usp=sharing
2018,0081/PL16/KB/2018,24 Januari 2018,24 Januari 2019,INDONESIA,DINAS PERIKANAN KABUPATEN KAPUAS HULU,https://drive.google.com/file/d/1XCt60UCuTwbZKafQ3_iv74eMtUhZuMlQ/view?usp=sharing
2018,0166/PL16/KB/2018,12 Februari 2018,11 Februari 2023,INDONESIA,SMK NEGERI 2 KETAPANG,https://drive.google.com/file/d/1WwwNpwGWnVfdKTWdPj0mOw9eCZmde4El/view?usp=sharing
2018,0171/PL16/KB/2018,13 Februari 2018,12 Februari 2023,INDONESIA,PEMERINTAH KABUPATEN SANGGAU,https://drive.google.com/file/d/1XDpyyZslg3bB5o3440eVZSEnkfXHzkRP/view?usp=sharing
2018,0314/PL16/KB/2018,26 Maret 2018,26 Maret 2019,INDONESIA,PEMERINTAH KABUPATEN SANGGAU,https://drive.google.com/file/d/1X0xCUcpNlQJflQcCp4WhyYdOyQBunZI8/view?usp=sharing
2018,0372/PL16/KB/2018,12 April 2018,-,INDONESIA,"DINAS PEKERJAAN UMUM, BINA MARGA, DAN SUMBER DAYA AIR KABUPATEN KAPUAS HULU",https://drive.google.com/file/d/1WzEzzG-cwt-cTQyrZrR7QWWKr03C4aIx/view?usp=sharing
2018,0392/PL16/KB/2018,18 April 2018,18 April 2019,INDONESIA,BALAI BENIH IKAN (BBI) NANGA SURI KABUPATEN SEKADAU,https://drive.google.com/file/d/1X0RvgQo27DfzVB2HHhXWgibWhCs70r0_/view?usp=sharing
2018,0394/PL16/KB/2018,18 April 2018,18 April 2019,INDONESIA,"DINAS KETAHANAN PANGAN, PERTANIAN, DAN PERIKANAN KABUPATEN SEKADAU",https://drive.google.com/file/d/1X0ijG8F3gfZm_q2SP6BDolBzPvcSuklY/view?usp=sharing
2018,0427/PL16/KB/2018,26 April 2018,25 April 2021,INDONESIA,UNIT PELAKSANA TEKNIS (UPT) BENIH IKAN (BI) KELANSIN KABUPATEN KAPUAS HULU,https://drive.google.com/file/d/1XG8hQVZyVq1xLa0P0Weq5sjHK9ze8Nf2/view?usp=sharing
2018,0471/PL16/KB/2018,31 Oktober 2018,30 Oktober 2020,INDONESIA,PT. BURSA EFEK INDONESIA,https://drive.google.com/file/d/1WiiD9FInZ1nA8Rlb5aexxxNhzJ_nQMSY/view?usp=sharing
2018,0471/PL16/KB/2018,31 Oktober 2018,30 Oktober 2020,INDONESIA,PT. RELIANCE SEKURITAS INDONESIA TBK,https://drive.google.com/file/d/1WiiD9FInZ1nA8Rlb5aexxxNhzJ_nQMSY/view?usp=sharing
2018,0478/PL16/KB/2018,14 Mei 2018,14 Mei 2019,INDONESIA,UNIT PEMBENIHAN RAKYAT (UPR) SUNGAI BESAR,https://drive.google.com/file/d/1XFQd7QILM6OhVTyjOqnWqPAjRNNh-fCm/view?usp=sharing
2018,0479/PL16/KB/2018,14 Mei 2018,14 Mei 2019,INDONESIA,UNIT PEMBENIHAN RAKYAT (UPR) LONGGANG DALAM,https://drive.google.com/file/d/1X1tCgQDM44wPYo0cqaVNboa3nKjo-Riz/view?usp=drive_link
2018,0496/PL16/KB/2018,18 Mei 2018,17 Mei 2023,INDONESIA,HOTEL MERCURE PONTIANAK,https://drive.google.com/file/d/1WgkhscNMi2GApgUIpei8VTM4eGdbUjUA/view?usp=sharing
2018,0521/PL16/KB/2018,25 Mei 2018,25 Mei 2019,INDONESIA,UNIT PEMBENIHAN RAKYAT (UPR) MASYARAKAT MANDIRI,https://drive.google.com/file/d/1X2ADQhyegT5xqduWyRHeVz-yYh8ta1Ga/view?usp=sharing
2018,0531/PL16/KB/2018,23 Mei 2018,23 Mei 2019,INDONESIA,UNIT PEMBENIHAN RAKYAT (UPR) SIKAMALIK,https://drive.google.com/file/d/1X3PwEVPWWHW4SaqLIaUjFeBy8StsWIMn/view?usp=sharing
2018,0547/PL16/KB/2018,4 Juni 2018,4 Juni 2019,INDONESIA,HOME INDUSTRI KRIPIK YESHA,https://drive.google.com/file/d/1Wv6NTWbLGDm3PpqplEojY36KojfMJhZz/view?usp=sharing
2018,0757/PL16/KB/2018,14 Agustus 2018,31 Desember 2023,INDONESIA,BANK SYARIAH MANDIRI AREA PONTIANAK,https://drive.google.com/file/d/1WgvwumaCJeZFPsKqcAWW2Y4iAedvZ7Lw/view?usp=sharing
2018,0766/PL16/KB/2018,16 Agustus 2018,15 Agustus 2020,INDONESIA,HOTEL MERCURE PONTIANAK,https://drive.google.com/file/d/1WeYV16WKtV0QcNTQp8swp9wBsTOXab_S/view?usp=sharing
2018,0881/PL16/KB/2017,20 September 2018,19 September 2023,INDONESIA,PT. TRAKINDO UTAMA PONTIANAK,https://drive.google.com/file/d/1Wem1uKVWzyPqZFAhLC4VdTQlulQ2F6zv/view?usp=sharing
2018,0917/PL16/KB/2018,1 Oktober 2018,-,INDONESIA,SMP NEGERI 1 PUTUSSIBAU,https://drive.google.com/file/d/1WuxOP0xsPdSsg9szc4kll2WFBOKsl2hD/view?usp=sharing
2018,0926/PL16/KB/2018,2 Oktober 2018,1 Oktober 2023,INDONESIA,IKATAN ARSITEK INDONESIA DAERAH KALBAR,https://drive.google.com/file/d/1Wwkw1V2yn2Zcz7BILmsEvOlv420Lyi3Z/view?usp=sharing
2018,1151/PL16/KB/2018,14 November 2018,-,INDONESIA,PEMERINTAH KABUPATEN KAPUAS HULU,https://drive.google.com/file/d/1X1rYt4b_0q-5WiW4Ck55SH80t3tPpnEn/view?usp=sharing
2018,1238/PL16/KB/2018,27 November 2018,26 November 2023,INDONESIA,FORUM HUMAN CAPITAL INDONESIA,https://drive.google.com/file/d/1WlpBg6ndStogJLt9u4g7c5eaLhoMjy0i/view?usp=sharing
2018,3324/PL16/KS/2018,1 Oktober 2018,1 Oktober 2020,INDONESIA,PT. PLN (PERSERO) CABANG PONTIANAK,https://drive.google.com/file/d/1WlZE4pHcqVGLK0SiyX_O0ti58J-0Pojf/view?usp=sharing
2018,6106/PL16/KS/2018,9 November 2018,9 November 2019,INDONESIA,PT. CAHAYA BENTENG MAS,https://drive.google.com/file/d/1WeTk-_-WPTGcpRT_9yeCTobi3_5a7EZo/view?usp=sharing
2018,6478/PL16/KS/2018,29 November 2018,29 November 2023,INDONESIA,BALAI RISET DAN STANDARDISASI INDUSTRI PONTIANAK,https://drive.google.com/file/d/1Wx9PT1kfhgwehSvpfmEqfS_oj4m9QfNY/view?usp=sharing
2019,-,26 Maret 2019,1 Mei 2019,THAILAND,SOUTHEAST ASIAN MINISTER OF EDUCATION (SEAMEO) SECRETARIAT,https://drive.google.com/file/d/1XRW8QD7a5Zr5QTLMMkdWn0w-pZJ-BY8t/view?usp=sharing
2019,-,27 Agustus 2019,27 Agustus 2019,TAIWAN,NATIONAL YUNLIN UNIVERSITY OF SCIENCE AND TECHNOLOGY,https://drive.google.com/file/d/1XQf9f8_wkNwcr9EotQ9H9Wn9ZzzIDTmz/view?usp=sharing
2019,1284/PL16/KS.BIV/2019,12 September 2019,12 Agustus 2022,INDONESIA,PEMERINTAH DESA TAJUM,https://drive.google.com/file/d/1UwB696GHFB60jCh1XXXLbRVYTdGsbxe5/view?usp=sharing
2019,0701/PL16/KS.BIV/2019,15 April 2019,14 April 2022,INDONESIA,PT. BANK RAKYAT INDONESIA (PERSERO) TBK,https://drive.google.com/file/d/1XAYYz5GrktGT_zJdnY6ml0f8e9jIoAxM/view?usp=sharing
2019,-,22 November 2019,21 November 2021,TAIWAN,NATIONAL YUNLIN UNIVERSITY OF SCIENCE AND TECHNOLOGY,https://drive.google.com/file/d/1XhttJvWH2-pd8NqxAgJOjj0A56oQdZcB/view?usp=sharing
2019,-,23 Agustus 2019,-,INDONESIA,SEKRETARIAT DAERAH KABUPATEN KAPUAS HULU,https://drive.google.com/file/d/1XeoWKubju0io4uHH3o9lUy1xYkfNmcz7/view?usp=sharing
2019,-,4 September 2019,2 September 2024,INDONESIA,SEKRETARIAT DAERAH KABUPATEN MEMPAWAH,https://drive.google.com/file/d/1Xeiw7Qp1a9Wo7YrxH437QujlWmEbjzBC/view?usp=sharing
2019,-,26 Maret 2019,24 Maret 2024,PHILIPPINES,TARLAC AGRICULTURAL UNIVERSITY (TAU),https://drive.google.com/file/d/1XSX2pw-O8NEaxh60PWzqg6UXxrRWdnQc/view?usp=sharing
2019,0006/PL16/KB/2019,2 Januari 2019,1 Januari 2022,INDONESIA,DINAS KESEHATAN KOTA PONTIANAK,https://drive.google.com/file/d/1XqeWs0najtrVHB7p3BBRgJwQNMNBuN-T/view?usp=sharing
2019,0006/PL16/KB/2019,2 Januari 2019,1 Januari 2022,INDONESIA,POLITEKNIK KESEHATAN KEMENTERIAN KESEHATAN PONTIANAK,https://drive.google.com/file/d/1XqeWs0najtrVHB7p3BBRgJwQNMNBuN-T/view?usp=sharing
2019,0006/PL16/KB/2019,2 Januari 2019,1 Januari 2022,INDONESIA,AKADEMI KEBIDANAN ST. BENEDICTA PONTIANAK,https://drive.google.com/file/d/1XqeWs0najtrVHB7p3BBRgJwQNMNBuN-T/view?usp=sharing
2019,0006/PL16/KB/2019,2 Januari 2019,1 Januari 2022,INDONESIA,AKADEMI KEBIDANAN PANCA BHAKTI PONTIANAK,https://drive.google.com/file/d/1XqeWs0najtrVHB7p3BBRgJwQNMNBuN-T/view?usp=sharing
2019,0006/PL16/KB/2019,2 Januari 2019,1 Januari 2022,INDONESIA,AKADEMI KEBIDANAN 'AISYIYAH PONTIANAK,https://drive.google.com/file/d/1XqeWs0najtrVHB7p3BBRgJwQNMNBuN-T/view?usp=sharing
2019,0006/PL16/KB/2019,2 Januari 2019,1 Januari 2022,INDONESIA,AKADEMI FARMASI YARSI PONTIANAK,https://drive.google.com/file/d/1XqeWs0najtrVHB7p3BBRgJwQNMNBuN-T/view?usp=sharing
2019,0006/PL16/KB/2019,2 Januari 2019,1 Januari 2022,INDONESIA,FAKULTAS ILMU KESEHATAN UNIVERSITAS MUHAMMADDIYAH PONTIANAK,https://drive.google.com/file/d/1XqeWs0najtrVHB7p3BBRgJwQNMNBuN-T/view?usp=sharing
2019,0006/PL16/KB/2019,2 Januari 2019,1 Januari 2022,INDONESIA,STIKES YARSI PONTIANAK,https://drive.google.com/file/d/1XqeWs0najtrVHB7p3BBRgJwQNMNBuN-T/view?usp=sharing
2019,0006/PL16/KB/2019,2 Januari 2019,1 Januari 2022,INDONESIA,AKADEMI KEPERAWATAN DHARMA INSAN PONTIANAK,https://drive.google.com/file/d/1XqeWs0najtrVHB7p3BBRgJwQNMNBuN-T/view?usp=sharing
2019,0006/PL16/KB/2019,2 Januari 2019,1 Januari 2022,INDONESIA,SMK KESEHATAN BINA DHARMA PONTIANAK,https://drive.google.com/file/d/1XqeWs0najtrVHB7p3BBRgJwQNMNBuN-T/view?usp=sharing
2019,0006/PL16/KB/2019,2 Januari 2019,1 Januari 2022,INDONESIA,FAKULTAS KEDOKTERAN UNIVERSITAS TANJUNGPURA,https://drive.google.com/file/d/1XqeWs0najtrVHB7p3BBRgJwQNMNBuN-T/view?usp=sharing
2019,0006/PL16/KB/2019,2 Januari 2019,1 Januari 2022,INDONESIA,STIK MUHAMMADIYAH PONTIANAK,https://drive.google.com/file/d/1XqeWs0najtrVHB7p3BBRgJwQNMNBuN-T/view?usp=sharing
2019,0006/PL16/KB/2019,2 Januari 2019,1 Januari 2022,INDONESIA,STIKES KAPUAS RAYA SINTANG,https://drive.google.com/file/d/1XqeWs0najtrVHB7p3BBRgJwQNMNBuN-T/view?usp=sharing
2019,0081/PL16/KM/2019,26 Februari 2019,9 Mei 2019,INDONESIA,PERUSAHAAN UMUM (PERUM) JAMINAN KREDIT INDONESIA (JAMKRINDO),https://drive.google.com/file/d/1XPhp6Qb_hlwR3B1U551Ho1iwkCzksO9e/view?usp=sharing
2019,951/PL16/KS.BIV/2019,10 Juni 2019,9 Juni 2022,INDONESIA,POLITEKNIK NEGERI UJUNG PANDANG,https://drive.google.com/file/d/1YH7JnHI8WiBL48pNEZobe5IBXIZgosLl/view?usp=sharing
2019,0101/PL16/KS.BIV/2019,16 Januari 2019,29 Maret 2019,INDONESIA,PT. ASURANSI KREDIT INDONESIA (PERSERO),https://drive.google.com/file/d/1XAQGNXEhy1ic-ty-eZ8Dr1uDezi10lIx/view?usp=sharing
2019,0111/PL16/KS.BIV/2019,17 Januari 2019,-,INDONESIA,"DINAS PEKERJAAN UMUM, BINA MARGA, DAN SUMBER DAYA AIR KABUPATEN KAPUAS HULU",https://drive.google.com/file/d/1XoGeEfyGldxaqxqlFVTBaF3lFq9ZWSpZ/view?usp=sharing
2019,0201/PL16/KS/BIV/2019,4 Februari 2019,-,INDONESIA,PEMERINTAH KABUPATEN SANGGAU,https://drive.google.com/file/d/1XqMGiNgERx347YhOAC96U8NCLGIz51Iy/view?usp=sharing
2019,272/PL16/KS.BIV/2019,11 Februari 2019,11 Februari 2020,INDONESIA,PT. BANK RAKYAT INDONESIA (PERSERO) TBK,https://drive.google.com/file/d/1XPK3SdJluDIweP4BopJNomTauID4ZViu/view?usp=sharing
2019,411/PL16/KS.BVII/2019,1 Maret 2019,28 Februari 2024,INDONESIA,POLITEKNIK NEGERI JEMBER,https://drive.google.com/file/d/1XsxBSVH0Aa02VgjZ_HYzzHqUpWl-JksW/view?usp=sharing
2019,0612/PL16/KS.BIV/2019,18 Juni 2019,17 Juni 2021,INDONESIA,KEPALA BIRO PERENCANAAN KEMENTERIAN LINGKUNGAN HIDUP DAN KEHUTANAN,https://drive.google.com/file/d/1XkcHQZwUqC3zhk_att-jEOU2sdkpk1Ma/view?usp=sharing
2019,0651/PL16/KS.BIV/2019,8 April 2019,6 April 2024,INDONESIA,UNIVERSITAS TANJUNGPURA (UNTAN),https://drive.google.com/file/d/1XsJA06chkRRa6XzWgk8sai1V92985RqZ/view?usp=sharing
2019,0682/PL16/KS.BIV/2019,11 April 2019,10 April 2021,INDONESIA,KEMENTERIAN KOMUNIKASI DAN INFORMATIKA,https://drive.google.com/file/d/1XgE14ggJe-AQdi0l4vjzOXMtlwbyH36M/view?usp=sharing
2019,0683/PL16/KS.BIV/2019,11 April 2019,23 April 2019,INDONESIA,BADAN PENELITIAN DAN PENGEMBANGAN SUMBER DAYA MANUSIA KEMENTERIAN KOMUNIKASI DAN INFORMATIKA,https://drive.google.com/file/d/1XcPPFhFSA3FnNuX95ypSrMzlrg1XlKEa/view?usp=sharing
2019,0684/PL16/KS.BIV/2019,11 April 2019,9 April 2024,INDONESIA,FORUM HUMAN CAPITAL INDONESIA,https://drive.google.com/file/d/1X8PKvin_vVhFRtS-u8N-1P0FmuVL11W3/view?usp=sharing
2019,0731/PL16/KS.BIV/2019,22 April 2019,-,INDONESIA,PEMERINTAH KABUPATEN KAPUAS HULU,https://drive.google.com/file/d/1Xps0ecBZTfKwLsFbDP5svkT_JF21rXGa/view?usp=sharing
2019,0762/PL16/KS/2019,27 Mei 2019,26 Mei 2021,INDONESIA,PEMERINTAH KABUPATEN KAPUAS HULU,https://drive.google.com/file/d/1Xp_1-HcGMfqsBGo7u33hEwDCNy6QnCjw/view?usp=sharing
2019,0811/PL16/KS.BIV/2019,3 Mei 2019,2 Mei 2020,INDONESIA,PT. DIMAS REIZA PERWIRA,https://drive.google.com/file/d/1X_ASY5XmyybRYagRHNXB5a1pYRiLsX_p/view?usp=sharing
2019,0891/PL16/KS.BIV/2019,17 Mei 2019,15 Mei 2024,INDONESIA,POLITEKNIK MANUFAKTUR BANDUNG,https://drive.google.com/file/d/1Y7iWrxdGngFZaa3g-D0FzyR-YAnwHy5B/view?usp=sharing
2019,900/PL16/KS.BIV/2019,20 Mei 2019,18 Mei 2024,INDONESIA,INSTITUT TEKNOLOGI DAN BISNIS KALBIS,https://drive.google.com/file/d/1XsYy2QUCAvwyx0vvPzIZXisrBeoq3RCw/view?usp=sharing
2019,916/PL16/KS/BIV/2019,22 Mei 2019,20 Mei 2024,INDONESIA,PT. BERKAH NABATI NUSANTARA,https://drive.google.com/file/d/1XIYNmPTx2FFW263jaWUTbGqgDYd5XvpN/view?usp=sharing
2019,0927/PL16/KS.BIV/2019,24 Mei 2019,23 Mei 2022,INDONESIA,STIKES YARSI PONTIANAK,https://drive.google.com/file/d/1YEfiYhNJHPs2ckNGNUjxhaZqT9AcTLke/view?usp=sharing
2019,0932/PL16/KS.BIV/2019,27 Mei 2019,25 Mei 2024,INDONESIA,POLITEKNIK NEGERI BANYUWANGI,https://drive.google.com/file/d/1YHBNr1oDLQJpeYI7Tm9VAgZ_XXMJpgX6/view?usp=sharing
2019,0936/PL16/KS.BIV/2019,28 Mei 2019,26 Mei 2024,INDONESIA,POLITEKNIK NEGERI JAKARTA (PNJ),https://drive.google.com/file/d/1YHDtoL3VFJZyCL8pTkM7IBcoVw3ReBfB/view?usp=sharing
2019,0937/PL16/KS.BIV/2019,28 Mei 2019,26 Mei 2024,INDONESIA,POLITEKNIK NEGERI MEDIA KREATIF (POLIMEDIA),https://drive.google.com/file/d/1XzVgHEIBo64aBnc8VqU8VDARNaSrR2hT/view?usp=sharing
2019,0938/PL16/KS.BIV/2019,28 Mei 2019,26 Mei 2024,INDONESIA,UNIVERSITAS MUHAMMADIYAH PONTIANAK,https://drive.google.com/file/d/1YEWAsjts0UrVQywvmbjhKCqoQzEj1NaK/view?usp=sharing
2019,0942/PL16/KS.BIV/2019,29 Mei 2019,27 Mei 2024,INDONESIA,POLITEKNIK NEGERI KETAPANG,https://drive.google.com/file/d/1YGpTSUPk-pjpGGFI18nofvy003I92BxV/view?usp=sharing
2019,0947/PL16/KS.BIV/2019,31 Mei 2019,30 Mei 2022,INDONESIA,PT. SINTANG RAYA,https://drive.google.com/file/d/1XI82wdVu42tMJ_8ACjdTxmY-JIzRAeUc/view?usp=sharing
2019,0956/PL16/KS.BIV/2019,11 Juni 2019,9 Juni 2024,INDONESIA,POLITEKNIK NEGERI SEMARANG,https://drive.google.com/file/d/1XqwmBWCULpTBM0M94s8mCu1-FKBaootH/view?usp=sharing
2019,0957/Pl16/KS.BIV/2019,17 Juni 2019,15 Juni 2024,INDONESIA,POLITEKNIK NEGERI MADURA,https://drive.google.com/file/d/1XqrrHWLqvy47LIya8JOUQzzP8jDbaYwT/view?usp=sharing
2019,0958/PL16/KS.BIV/2019,12 Juni 2019,10 Juni 2024,INDONESIA,POLITEKNIK NEGERI BANDUNG (POLBAN),https://drive.google.com/file/d/1YAUHO8ysZwew7t4yKhEAzLaE0XgfjiMr/view?usp=sharing
2019,0959/PL16/KS.BIV/2019,12 Juni 2019,10 Juni 2024,INDONESIA,POLITEKNIK NEGERI PADANG,https://drive.google.com/file/d/1Y7OxW9dvLcwi0leu7vUSWvKTpirhFjos/view?usp=sharing
2019,0961/PL16/KS.BIV/2019,13 Juni 2019,11 Juni 2024,INDONESIA,POLITEKNIK NEGERI SAMARINDA (POLNES),https://drive.google.com/file/d/1Y0bCKWyUXYWE89c_waj_v9F7H7URuK4W/view?usp=sharing
2019,0972/PL16/KS.BIV/2019,17 Juni 2019,15 Juni 2024,INDONESIA,POLITEKNIK ELEKTRONIKA NEGERI SURABAYA,https://drive.google.com/file/d/1XrzX_Jt8KyzQoWwnYJNImB7BKb98MNdr/view?usp=sharing
2019,0983/PL16/KS.BIV/2019,21 Juni 2019,5 Juli 2019,INDONESIA,CV. MULTI CIPTA PRIMA,https://drive.google.com/file/d/1XIBkK6JbjcQ8PsCIvA-f1lvuQZ7DNTyL/view?usp=sharing
2019,0991/PL16/KS.BIV/2019,21 Juni 2019,19 Juni 2024,INDONESIA,POLITEKNIK NEGERI MEDAN (POLMED),https://drive.google.com/file/d/1Y2BCA3-KX4obg3bqC1cOOLL6s6A5mUuc/view?usp=sharing
2019,1021/PL16/KS.BIV/2019,2 Juni 2019,1 Juni 2023,INDONESIA,INSTITUT OTOMOTIF INDONESIA,https://drive.google.com/file/d/1Y6Y6qT4IEg73GE49ZdAwBgJB6ksEMUcA/view?usp=sharing
2019,1051/PL16/KS.BIV/2019,9 Juli 2019,8 Juli 2020,INDONESIA,PT. MULTI PRIMA ENTAKAI,https://drive.google.com/file/d/1XZpvanwdrTAtLhRKg4bkTL_4NNzyKs7g/view?usp=sharing
2019,1178/PL16/KS.BIV/2019,9 September 2019,7 September 2024,INDONESIA,PT. BANK RAKYAT INDONESIA (PERSERO) TBK,https://drive.google.com/file/d/1XPRsttOsx-4hoK8g610hAAbWICc5OB-T/view?usp=sharing
2019,1183/PL16/KS.BIV/2019,10 September 2019,8 September 2024,INDONESIA,PEMERINTAH KABUPATEN SUKAMARA,https://drive.google.com/file/d/1XyA96dYNGCPvB31v-XYTwVsKJkde-KWx/view?usp=sharing
2019,1184/PL16/KS.BIV/2019,10 September 2019,8 September 2024,INDONESIA,TVRI STASIUN KALIMANTAN BARAT,https://drive.google.com/file/d/1X86NoGc4w7rVRckyqebaJYexZonKVaUe/view?usp=sharing
2019,1185/PL16/KS.BIV/2019,10 September 2019,8 September 2024,INDONESIA,PT. BORNEO ALUMINA INDONESIA,https://drive.google.com/file/d/1X80xsqkX3q4yiXmBqB3wxbIs1ZTKiXzR/view?usp=sharing
2019,1187/PL16/KS.BIV/2019,10 September 2019,8 September 2024,INDONESIA,HOTEL GOLDEN TULIP PONTIANAK,https://drive.google.com/file/d/1XXq4jIc567mAN_7sYc69wKJEJgsARtP2/view?usp=sharing
2019,1188/PL16/KS.BIV/2019,10 September 2019,8 September 2024,INDONESIA,IKATAN ARSITEK LANDSCAPE INDONESIA DAERAH PONTIANAK,https://drive.google.com/file/d/1XbSHDRZC_-gb0Ba6zs84SelprANbJc8I/view?usp=sharing
2019,1189/PL16/KS.BIV/2019,10 September 2019,8 September 2024,INDONESIA,PT ASTRA INTERNATIONAL TBK - HONDA (ASTRA MOTOR),https://drive.google.com/file/d/1XXPZQQHTx8g80xiRyWtkjyOFiJJnKJx-/view?usp=sharing
2019,1190/PL16/KS.BIV/2019,10 September 2019,8 September 2024,INDONESIA,SMK NEGERI 1 PEMANGKAT,https://drive.google.com/file/d/1XSuBcwBbfNvdLyDea9eHKmMCIzSjCqcJ/view?usp=sharing
2019,1191/PL16/KS.BIV/2019,10 September 2019,9 September 2021,INDONESIA,PEMERINTAH KABUPATEN SINTANG,https://drive.google.com/file/d/1Xe1h9iR2VqyK-I9wmnOgp33AArCbNbJH/view?usp=sharing
2019,1213/PL16/KS.BIV/2019,4 Oktober 2019,2 Oktober 2024,INDONESIA,STIKES KAPUAS RAYA SINTANG,https://drive.google.com/file/d/1YC55h8Wqj22mxHq-c62iZZds-GB3dGSy/view?usp=sharing
2019,1214/PL16/KS.BIV/2019,4 Oktober 2019,2 Oktober 2024,INDONESIA,AKADEMI PERPAJAKAN PANCA BHAKTI,https://drive.google.com/file/d/1YDSqaZDM0t4sBiadspayVMIcVw3WZrEw/view?usp=sharing
2019,1215/PL16/KS.BIV/2019,4 Oktober 2019,3 Oktober 2022,INDONESIA,POLITEKNIK KEUANGAN NEGARA STAN,https://drive.google.com/file/d/1YDDQyWFPhYKb7YTeUt0fHfOi7XGpXreF/view?usp=sharing
2019,1237/PL16/KS.BIV/2019,1 November 2019,31 Oktober 2020,INDONESIA,PEMERINTAH KABUPATEN KUBU RAYA,https://drive.google.com/file/d/1XdWgCKSieCPPzKEuD783j2-gobkZVs8y/view?usp=sharing
2019,1239/PL16/KS.BIV/2019,5 November 2019,3 November 2024,INDONESIA,SEKOLAH TINGGI AGAMA KATOLIK NEGERI PONTIANAK,https://drive.google.com/file/d/1YCObuUNv9J8VA0otZonrc7wfmvO-VfZv/view?usp=sharing
2019,1251/PL16/KS.BIV/2019,25 November 2019,24 November 2020,INDONESIA,GABUNGAN PELAKSANA KONSTRUKSI NASIONAL INDONESIA (GAPENSI),https://drive.google.com/file/d/1XWXk4wzL2rSuEdELGnA4EQqiAUGN78Gr/view?usp=sharing
2019,1255/PL16/KS.BIV/2019,26 November 2019,25 November 2022,INDONESIA,SMK NEGERI 1 SINGKAWANG,https://drive.google.com/file/d/1XVAvmPP23gekXuFx1KuZY2gW9lPaUKTH/view?usp=sharing
2019,1256/PL16/KS.BIV/2019,26 November 2019,25 November 2020,INDONESIA,BADAN PENGURUS PUSAT GABUNGAN AHLI TEKNIK NASIONAL INDONESIA (GATENSI),https://drive.google.com/file/d/1XVi-OqHXyScTiLUnDq5-5Gb9-Dmqk9Vp/view?usp=sharing
2019,1289/PL16/KS.BIV/2019,16 Desember 2019,15 Desember 2022,INDONESIA,SMK NEGERI 2 PONTIANAK,https://drive.google.com/file/d/1XTjm3rCjZq8MLHH3XnSw1IMSc6B-oPn5/view?usp=sharing
2019,1292/PL16/KS.BIV/2019,17 Desember 2019,16 Desember 2020,INDONESIA,BADAN PENELITIAN DAN PENGEMBANGAN SUMBER DAYA MANUSIA KEMENTERIAN KOMUNIKASI DAN INFORMATIKA,https://drive.google.com/file/d/1XwNenwmkUfECcOqI4kaCP0iirUS2GHS9/view?usp=sharing
2019,1293/PL16/KS.BIV/2019,17 Desember 2019,16 Desember 2022,INDONESIA,SMK NEGERI 4 PONTIANAK,https://drive.google.com/file/d/1XT4mmNZwr0khWVnKLweoW2rIpOgH8RDI/view?usp=sharing
2019,1506/PL16/KS/2019,23 Maret 2019,21 Maret 2024,INDONESIA,UNIVERSITAS TERBUKA (UT),https://drive.google.com/file/d/1Y0fkwpvc9L_0jY-fjOPcGz72fkIqORwX/view?usp=sharing
2019,7415/PL16/KS/2019,22 November 2019,21 November 2022,INDONESIA,KANWIL DJP KALIMANTAN BARAT,https://drive.google.com/file/d/1XcyeHQLsa6jpo5jhEYSBYyCCl4qV6pVE/view?usp=sharing
2020,0051/PL16/KS.BIV/2020,6 Februari 2020,5 Februari 2023,INDONESIA,PT. BANK TABUNGAN NEGARA (PERSERO) TBK,https://drive.google.com/file/d/1V6Kzf49ZeH6DXjXmiPq7hoc-m3YsrMAB/view?usp=sharing
2020,-,19 Agustus 2020,18 Agustus 2025,MALAYSIA,UNIVERSITY COLLEGE OF TECHNOLOGY SARAWAK (UCTS),https://drive.google.com/file/d/1Z0mq43Q7o7djFN0uES85h67BxEXy4Abw/view?usp=sharing
2020,002/PL16/KS.BIV/2020,9 Januari 2020,7 Januari 2025,INDONESIA,GREEN OUDH LEAF,https://drive.google.com/file/d/1Vj7RhYh43Fk4a2RDJx1UEHUZ3OA44fys/view?usp=sharing
2020,006/PL16/KS.BIV/2020,13 Januari 2020,12 Januari 2022,INDONESIA,UNIVERSITAS BINA SARANA INFORMATIKA,https://drive.google.com/file/d/1Z09X0-GC98tOymjDq63tO_oy0kCVumTn/view?usp=sharing
2020,026/PL16/KS.BIV/2020,23 Januari 2020,22 Januari 2021,INDONESIA,BALAI PENDIDIKAN DAN PELATIHAN TRANSPORTASI LAUT (BPPTL) JAKARTA,https://drive.google.com/file/d/1YZuTujkfNKGZ2XE1PjeODxGdU_bfckyI/view?usp=sharing
2020,045/PL16/KS.BIV/2020,4 Februari 2020,10 Agustus 2020,INDONESIA,PT. NINDYA KARYA (PERSERO),https://drive.google.com/file/d/1V_Y1M8TgnIok5Iy2ApgIoWjh5j6jbw2o/view?usp=sharing
2020,0057/PL16/KS.BIV/2020,7 Februari 2020,19 April 2020,INDONESIA,PERUSAHAAN UMUM (PERUM) BULOG KANWIL KALBAR,https://drive.google.com/file/d/1VEVPc-HwJ9qFFIso_1_xymqHQ-60oI48/view?usp=sharing
2020,0071/PL16/KS.BIV/2020,24 Februari 2020,23 Februari 2023,INDONESIA,PEMERINTAH DESA PARIT BARU,https://drive.google.com/file/d/1YQiqNB4Ompkf55jV8EzwvL_bsbXSajC1/view?usp=sharing
2020,0073/PL16/KS.BIV/2020,24 Februari 2020,23 Februari 2023,INDONESIA,PEMERINTAH DESA SUNGAI RAYA,https://drive.google.com/file/d/1YTR8TcqLdrB7g96g75jDKsHZZIVmOHgq/view?usp=sharing
2020,0075/PL16/KS.BIV/2020,24 Februari 2020,23 Februari 2023,INDONESIA,PEMERINTAH DESA ARANG LIMBUNG,https://drive.google.com/file/d/1YPxMXu2HRhjvnLDHQQYwBpsr4GSMfjbI/view?usp=sharing
2020,0079/PL16/KS.BIV/2020,24 Februari 2020,23 Februari 2023,INDONESIA,PEMERINTAH DESA MADU SARI,https://drive.google.com/file/d/1YY7LZcxjThWWjMvaMsSvlhVgp2zrY0XD/view?usp=sharing
2020,0080/PL16/KS.BIV/2020,24 Februari 2020,23 Februari 2023,INDONESIA,PEMERINTAH DESA KAPUR,https://drive.google.com/file/d/1YYWG17gvQPpvQH8CkPFCKYs-KJlvUAuf/view?usp=sharing
2020,0084/PL16/KS.BIV/2020,24 Februari 2020,23 Februari 2023,INDONESIA,PEMERINTAH DESA SUNGAI ASAM,https://drive.google.com/file/d/1YO43U1SE0EczGxffWFBmglU4P7Q6xy0b/view?usp=sharing
2020,0085/PL16/KS.BIV/2020,24 Februari 2020,23 Februari 2023,INDONESIA,PEMERINTAH DESA SUNGAI BULAN,https://drive.google.com/file/d/1YMZ-9gSjqjQgpq0um_jZGWWIY_kakyVR/view?usp=sharing
2020,0087/PL16/KS.BIV/2020,24 Februari 2020,23 Februari 2023,INDONESIA,PEMERINTAH DESA TEBANG KACANG,https://drive.google.com/file/d/1YL5QQa_d74Ho-NngtK1Hi3Dvc6ctKqFV/view?usp=sharing
2020,0088/PL16/KS.BIV/2020,24 Februari 2020,23 Februari 2023,INDONESIA,PEMERINTAH DESA MUARA BARU,https://drive.google.com/file/d/1YOKGq-zr702A3oengbLetKKeD7et8ej8/view?usp=sharing
2020,0089/PL16/KS.BIV/2020,24 Februari 2020,23 Februari 2023,INDONESIA,PEMERINTAH DESA PULAU JAMBU,https://drive.google.com/file/d/1YX7jmTkT51CY5F_zdGyIVU0xTzJP0oNv/view?usp=sharing
2020,0095/PL16/KS.BIV/2020,27 Februari 2020,15 Desember 2020,INDONESIA,DIREKTUR PENGEMBANGAN SUMBER DAYA MANUSIA PARIWISATA KEMENTERIAN PARIWISATA DAN EKONOMI KREATIF / BADAN PARIWISATA DAN EKONOMI KREATIF,https://drive.google.com/file/d/1YI-ftnbCnZEm8rQ5DYMs2wvPndLHRtld/view?usp=sharing
2020,0102/PL16/KS.BIV/2020,5 Januari 2020,3 Januari 2025,INDONESIA,PERHIMPUNAN HOTEL DAN RESTORAN INDONESIA,https://drive.google.com/file/d/1VBeN1Ger9aEriHvkMDZesZCZQNl1oYe9/view?usp=sharing
2020,0103/PL16/KS.BIV/2020,5 Maret 2020,4 Maret 2025,INDONESIA,ASOSIASI PERUSAHAAN PERJALANAN INDONESIA,https://drive.google.com/file/d/1VDOr4b8JTaQlMi9u7PguS7BiFyaT3KJE/view?usp=sharing
2020,0104/PL16/KS.BIV/2020,5 Maret 2020,4 Maret 2025,INDONESIA,IKATAN DOSEN DAN GURU VOKASI PARIWISATA KALIMANTAN BARAT,https://drive.google.com/file/d/1VC3S0lexEY0nUlnZeEhljIj2-5KWrW6k/view?usp=sharing
2020,0109/PL16/KS.BIV/2020,1 Februari 2020,31 Januari 2023,INDONESIA,PT. BANK NEGARA INDONESIA (PERSERO) TBK.,https://drive.google.com/file/d/1VFYTwOLoi4bdaHT_woR_FapejKsRWYzo/view?usp=sharing
2020,0120/PL16/KS.BIV/2020,29 April 2020,28 April 2025,INDONESIA,PT. REZEKI WAHANA GEMBIRA,https://drive.google.com/file/d/1VYB3EhwOI3VaXpM5q_e3KpMQcCIWj06q/view?usp=sharing
2020,0123/PL16/KS.BIV/2020,11 Mei 2020,10 Mei 2025,INDONESIA,PT. GELORA DJAJA,https://drive.google.com/file/d/1VYjmWfzkMrbJFqdkus_0p_8XalYiJ739/view?usp=sharing
2020,0125/PL16/KS.BIV/2020,15 Mei 2020,14 Mei 2025,INDONESIA,BADAN AMAL ZAKAT NASIONAL (BAZNAS) PROVINSI KALIMANTAN BARAT,https://drive.google.com/file/d/1VUAIrioD0a0KV6UtIHavsAQcqcp9lJR2/view?usp=sharing
2020,0128/PL16/KS.BIV/2020,24 Mei 2020,24 Mei 2021,INDONESIA,PT. TELEKOMUNIKASI SELULAR,https://drive.google.com/file/d/1VkJqNyeBdUqPtShkfDFKZilYa3Rv5P3z/view?usp=sharing
2020,0129/PL16/KS.BIV/2020,27 Mei 2020,26 Mei 2025,INDONESIA,PT. INDOSAT TBK,https://drive.google.com/file/d/1VQ7TEOxP0ycRssbbJ8R_PXVNGysLHjc9/view?usp=sharing
2020,0140/PL16/KS.BIV/2020,11 Juni 2020,11 Juni 2023,INDONESIA,PT. BURSA EFEK INDONESIA,https://drive.google.com/file/d/1VGVMki-VATrkSkNTqnD51W4dTRalCm-0/view?usp=sharing
2020,0140/PL16/KS.BIV/2020,11 Juni 2020,11 Juni 2023,INDONESIA,PT. INDO PREMIER SEKURITAS,https://drive.google.com/file/d/1VGVMki-VATrkSkNTqnD51W4dTRalCm-0/view?usp=sharing
2020,0148/PL16/KS.BIV/2020,9 Juni 2020,8 Juni 2025,INDONESIA,BADAN PENGAWAS PEMILIHAN UMUM KOTA PONTIANAK,https://drive.google.com/file/d/1YI-KWoPPG2IvBNydkp7oKnPDyWY-o8OF/view?usp=sharing
2020,0160/PL16/KS.BIV/2020,29 Januari 2020,27 Januari 2025,INDONESIA,LKP PROKINDO KUBU RAYA,https://drive.google.com/file/d/1VYgiLVPOuvzKa9boQqAZ3bn4H7gq8wCq/view?usp=sharing
,0161/PL16/KS.BIV/2020,-,18 Juni 2025,INDONESIA,PT. HUTCHISON 3 INDONESIA,https://drive.google.com/file/d/1VX7y9Ngrx2IDPZAaRztC1R6lcGFrQm8-/view?usp=sharing
2020,0162/PL16/KS.BIV/2020,3 Agustus 2020,14 Oktober 2020,INDONESIA,PERUSAHAAN UMUM (PERUM) BULOG KANWIL KALBAR,https://drive.google.com/file/d/1VGHxNZOvg1ZRP-Ry5C7ovPl1rlA-rXHU/view?usp=sharing
2020,0165/PL16/KS.BIV/2020,11 Agustus 2020,10 Agustus 2025,INDONESIA,POLITEKNIK NEGERI UJUNG PANDANG,https://drive.google.com/file/d/1Z-qnT2Pr0imvpdxrp4IBGwlgVDWBQT30/view?usp=sharing
2020,0166/PL16/KS.BIV/2020,17 Agustus 2020,17 Agustus 2022,INDONESIA,HOTEL MERCURE PONTIANAK,https://drive.google.com/file/d/1Vid9tKoWBxWeq0N6n_hfK4n77kvRIMGN/view?usp=sharing
2020,0167/PL16/KS.BIV/2020,12 Agustus 2020,12 Agustus 2021,INDONESIA,PERUSAHAAN UMUM (PERUM) BULOG KANWIL KALBAR,https://drive.google.com/file/d/1V8mTLzXAU0F8gyqj5a3uaUuHTA9xJuF3/view?usp=sharing
2020,0169/PL16/KS.BIV/2020,18 Agustus 2020,-,INDONESIA,UNIT PEMBENIHAN DAN PENDEDERAN IKAN AIR TAWAR (UPPIAT) AMPERA,https://drive.google.com/file/d/1YcNBx7DHYhJ3Q0a6uLDsNCnJspf6D0A7/view?usp=sharing
2020,0170/PL16/KS.BIV/2020,4 Juni 2020,3 Juni 2025,INDONESIA,PT. ASURANSI UMUM BUMIPUTERA MUDA 1967,https://drive.google.com/file/d/1VZhcpgat3ch8nfpwRLJ-cioVCH4lMkWk/view?usp=sharing
2020,0174/PL16/KS.BIV/2020,27 Agustus 2020,27 Agustus 2023,INDONESIA,PERUSDA ANEKA USAHA PROVINSI KALIMANTAN BARAT,https://drive.google.com/file/d/1VU4QCO6ydI68x9eSnDsVI-dCDG-XQt4s/view?usp=sharing
2020,0188/PL16/KS.BIV/2020,16 September 2020,-,INDONESIA,POLITEKNIK NEGERI LAMPUNG,https://drive.google.com/file/d/1YzZv-ydRGLQ9Me8igL0wRs0Zu-9tq4vO/view?usp=sharing
2020,0196/PL16/KS.BIV/2020,9 Oktober 2020,8 Oktober 2025,INDONESIA,CV. RIZKY FOOD,https://drive.google.com/file/d/1VnLgQR4U_qkAMLHz8pFFuqpI4GVjPq_F/view?usp=sharing
2020,0199/PL16/KS.BIV/2020,12 Oktober 2020,11 November 2020,INDONESIA,BADAN PERENCANAAN DAN PEMBANGUNAN DAERAH (BAPPEDA) KABUPATEN BENGKAYANG,https://drive.google.com/file/d/1YZUpRGYwMVZ42GL-Ncz4WERB3-dMhVtW/view?usp=sharing
2020,0200/PL16/KS.BIV/2020,19 Oktober 2020,18 Oktober 2025,INDONESIA,CV. SAKANA INDO PRIMA,https://drive.google.com/file/d/1VmJ6uvDVabJynA5YrCQykTPC-WK7GNWX/view?usp=sharing
2020,0202/PL16/KS.BIV/2020,20 Oktober 2020,19 Oktober 2025,INDONESIA,FARM 169,https://drive.google.com/file/d/1VZKK1VN8wkVJkG7t62E_f-jqRC1VArhw/view?usp=sharing
2020,0204/PL16/KS.BIV/2020,27 Oktober 2020,26 Oktober 2025,INDONESIA,CV. BENING JATI ANUGRAH,https://drive.google.com/file/d/1VOfDLmnTg_Vh7Q1JM0wQUEwnFex1ilPb/view?usp=sharing
2020,0209/PL16/KS.BIV/2020,3 Desember 2020,3 Desember 2023,INDONESIA,"STASIUN KARANTINA IKAN, PENGENDALIAN MUTU DAN KEAMANAN HASIL PERIKANAN PONTIANAK",https://drive.google.com/file/d/1YdmzIBKa5JBRuyLzO4G54OpqxT3ZqQe_/view?usp=sharing
2020,0211/PL16/KS.BIV/2020,2 November 2020,-,INDONESIA,GABUNGAN PENGUSAHA KELAPA INDONESIA (GAPKI) CABANG KALIMANTAN BARAT,https://drive.google.com/file/d/1V9zeOMGb1lqWOZiaeVfi5DdxAu_L-2h8/view?usp=sharing
2020,0224/PL16/KS.BIV/2020,12 November 2020,12 November 2023,INDONESIA,"DINAS PERIKANAN, PETERNAKAN, DAN KESEHATAN HEWAN KABUPATEN SAMBAS",https://drive.google.com/file/d/1YgQuIsQ4RiZUpobFsir4adETkB0IHPM_/view?usp=sharing
2020,0231/PL16KS.BIV/2020,16 November 2020,16 November 2022,INDONESIA,INSTITUT PEMERINTAHAN DALAM NEGERI KAMPUS KALIMANTAN BARAT,https://drive.google.com/file/d/1YJaMPKJd5xM9-DTyia6lqAb6SigdpnxQ/view?usp=sharing
2020,0239/PL16/KS.BIV/2020,18 November 2020,17 November 2025,INDONESIA,OEMAH ADEM FROZENMART,https://drive.google.com/file/d/1VK19hWCunNYeHYnyEeCh0JBPdm3evhe0/view?usp=sharing
2020,0245/PL16/KS-BIV/2020,20 November 2020,-,INDONESIA,BALAI RISET DAN STANDARDISASI INDUSTRI PONTIANAK,https://drive.google.com/file/d/1Yl3IqiaVkgvuVJ9bvCRizzz-sLBBXaso/view?usp=sharing
2020,0251/PL16/KS.BIV/2020,23 November 2020,-,INDONESIA,POLITEKNIK NEGERI SAMARINDA (POLNES),https://drive.google.com/file/d/1YxGUigrsxSUfrJ833_JarRIB3gY-5v6d/view?usp=sharing
2020,0252/PL16/KS.BIV/2020,24 November 2020,23 November 2025,INDONESIA,DINAS KELAUTAN DAN PERIKANAN PROVINSI KALIMANTAN BARAT,https://drive.google.com/file/d/1YKuekC2kfa5KewaKDhqjK1umKf6DLOD-/view?usp=sharing
2020,0253/PL16/KS.BIV/2020,3 Desember 2020,2 Desember 2025,INDONESIA,DINAS KELAUTAN DAN PERIKANAN PROVINSI KALIMANTAN BARAT,https://drive.google.com/file/d/1YZqgvD2pHcw2wRhTUEvhVTqUFNPSJ6kZ/view?usp=sharing
2020,0259/PL16/KS.BIV/2020,26 November 2020,26 November 2023,INDONESIA,OMBUDSMAN REPUBLIK INDONESIA,https://drive.google.com/file/d/1Yb2ikA_cz4YKqdJoi724gl3UkTZGnAU3/view?usp=sharing
2020,0262/PL16/KS.BIV/2020,27 November 2020,27 November 2023,INDONESIA,"DINAS PERIKANAN, PETERNAKAN, DAN KESEHATAN HEWAN KABUPATEN SAMBAS",https://drive.google.com/file/d/1Yerwlr3PkEsEHvJ46qpTCitx_wpPWVL7/view?usp=sharing
2020,0265/PL16/KS.BIV/2020,30 November 2020,29 November 2025,INDONESIA,PT. SULI,https://drive.google.com/file/d/1VJ4-aAyWNwH_qpqQqhippE90zFPY8mR0/view?usp=sharing
2020,0276/PL16/KS.BIV/2020,4 Desember 2020,-,INDONESIA,PT. UNIVERSAL AGRI BISNISINDO,https://drive.google.com/file/d/1VjjF_tRi8axd3XA8eYOrJ5W2BX5TrF_F/view?usp=sharing
2020,0280/PL16/KS.BIV/2020,7 Desember 2020,6 Desember 2025,INDONESIA,UNIVERSITAS NEGERI MALANG (UM),https://drive.google.com/file/d/1Yx6AyEaYLCwOGR1UsiPsbwyy6S7zGg1s/view?usp=sharing
2020,0319/PL16/KS.BIV/2020,28 Desember 2020,-,INDONESIA,POLITEKNIK NEGERI SAMBAS,https://drive.google.com/file/d/1YeXZOiYj6UMlQnnlYwoh2m6TA9H035lU/view?usp=sharing
2020,0171/PL16/KS.BIV/2020,3 Agustus 2020,3 Agustus 2021,INDONESIA,PT. ASURANSI UMUM BUMIPUTERA MUDA 1967,https://drive.google.com/file/d/1VgNuvEC0dUvUCWs2hK9YSicTe5841yYu/view?usp=sharing
2020,4202/PL16/KS/2020,11 November 2020,11 November 2021,INDONESIA,SMK NEGERI 1 PUTUSSIBAU,https://drive.google.com/file/d/1YZ9AcmgiKCxPQpzmGWR8Wm5QOtqpw2_7/view?usp=sharing
2020,4376/PL16/KS/2020,16 November 2020,15 November 2025,INDONESIA,PT. CITRA CONTRACTOR HASAJA,https://drive.google.com/file/d/1VLhtGXou9M5ItuklmYQgod2bKVdD3sII/view?usp=sharing
2020,4377/PL16/KS/2020,16 November 2020,15 November 2025,INDONESIA,PT. ARSEKON KHATULISTIWA REKAYASA,https://drive.google.com/file/d/1VPJK70cgVFlNhMs3oKp9eKTfDFYa551j/view?usp=sharing
2020,0146/PL16/KS.BIV/2020,8 Juni 2020,29 Juni 2020,INDONESIA,PT. INDOSAT OOREDOO TBK,https://drive.google.com/file/d/1VeoC26sBB1u1FMqP5m6en4c-2VxNvRb-/view?usp=sharing
2020,0196/PL16/KS.BIV/2020(2),24 September 2020,-,INDONESIA,PT. PULAUMAS KHATULISTIWA,https://drive.google.com/file/d/1VefFdLyrIUYWD_s_gdbIm2_68zyD_3Qn/view?usp=sharing
2020,0124/PL16/KS.BIV/2020,13 Mei 2020,-,INDONESIA,PT. GELORA DJAJA,https://drive.google.com/file/d/1VnROatRxPiKQ0yufCjRK-Yuf4KhPU-DL/view?usp=sharing
2020,0185/PL16/KS.BIV/2020,14 September 2020,-,INDONESIA,PT. MEDIA KARSA PRATAMA,https://drive.google.com/file/d/1VubTFZARxbgr-CN8vP1idFckZeihDEVT/view?usp=sharing
2020,0201/PL16/KS.BIV/2020,27 Oktober 2020,28 Oktober 2020,INDONESIA,LKP PROKINDO KUBU RAYA,https://drive.google.com/file/d/1W3sFPtUtAzSZD1JoOD-MWXt1ZKmaXOP7/view?usp=sharing
2020,0203/PL16/KS.BIV/2020,22 Oktober 2020,-,INDONESIA,FARM 169,https://drive.google.com/file/d/1W-d2NjzlbMXPaiQhbxvSc_2BjM26XfoX/view?usp=sharing
2020,013/SK/PBJA/XI/2020,2 November 2020,1 November 2025,INDONESIA,CV. BENING JATI ANUGRAH,https://drive.google.com/file/d/1VzTxObGVQdgz_D_JBcFs5g8e6CXK_2hI/view?usp=sharing
2020,0206/PL16/KS.BIV/2020,2 November 2020,1 November 2025,INDONESIA,CV. SAKANA INDO PRIMA,https://drive.google.com/file/d/1VoDDfZVji9FVXGP0DzlhBEKY3uYSETiv/view?usp=sharing
2020,0207/PL16/KS.BIV/2020,2 November 2020,1 November 2025,INDONESIA,CV. RIZKY FOOD,https://drive.google.com/file/d/1VqIpPUWZphv3i7akIZ4_lsLMaDch6QWt/view?usp=sharing
2020,0207/PL16/KS.BIV/2020(2),18 November 2020,17 November 2025,INDONESIA,OEMAH ADEM FROZENMART,https://drive.google.com/file/d/1Vr6-PzDDHpO6MlhHUWryUU8oBCEoUhOE/view?usp=sharing
2020,0266/PL16/KS.BIV/2020,30 November 2020,30 November 2023,INDONESIA,PT. SULI,https://drive.google.com/file/d/1VqSWO3f6ZK6M_ZrGuBfaZCDIDIhGigtD/view?usp=sharing
2020,0279/PL16/KS.BIV/2020,7 Desember 2020,7 Desember 2022,INDONESIA,PT. UNIVERSAL AGRI BISNISINDO,https://drive.google.com/file/d/1VpSNDAAbGqDQCwXpL_JeCLe4Opip-FUr/view?usp=sharing
2020,4378/PL16/KS/2020,16 November 2020,-,INDONESIA,PT. CITRA CONTRACTOR HASAJA,https://drive.google.com/file/d/1Vwc1AsItREzdk6LKb6mUb-dZUXQ6x-Xn/view?usp=sharing
2020,4379/PL16/KS/2020,16 November 2020,-,INDONESIA,PT. ARSEKON KHATULISTIWA REKAYASA,https://drive.google.com/file/d/1W-D4thyE_ma-XzVnjnz8iLH2MYWP85pQ/view?usp=sharing
2021,-,9 Agustus 2021,10 Desember 2021,INDONESIA,DIREKTORAT KEMITRAAN DAN PENYELARASAN DUNIA USAHA DAN DUNIA INDUSTRi,https://drive.google.com/file/d/1_0wnXQfud39Qu-7pUJAG304Yy0UYIU02/view?usp=sharing
2021,-,20 Oktober 2021,15 Desember 2021,INDONESIA,DIREKTORAT PENDIDIKAN TINGGI DAN PROFESI,https://drive.google.com/file/d/1_0S3WVScKNXLKplqwTAW9N-0hAj2Rvtt/view?usp=sharing
2021,-,24 Mei 2021,23 Mei 2024,UNITED KINGDOM,UNIVERSITY OF LEICESTER,https://drive.google.com/file/d/1_1iXTZMM2yig-SSTKxnYnZ-rc3qtLiRV/view?usp=sharing
2021,003/PL16/KS.BIV/2021,19 Januari 2021,19 Januari 2023,INDONESIA,PT. PERIKANAN NUSANTARA (PERSERO),https://drive.google.com/file/d/1ZgIeXbrjm4G6WnooootxrkpDsXvgyEQf/view?usp=sharing
2021,034/PL16/KS.BIV/2021,19 Januari 2021,18 Januari 2023,INDONESIA,PT. PERIKANAN NUSANTARA (PERSERO),https://drive.google.com/file/d/1Zg6JtX0Tq6KPx1AWjYso1yVxtBYKfbfc/view?usp=sharing
2021,060/PL16/KS.B.IV/2021,2 Februari 2021,1 Februari 2026,INDONESIA,ASOSIASI TUNA LONGLINE INDONESIA (ATLI),https://drive.google.com/file/d/1Za71IKKx9sOOXn02dmcNgvAOUWcNJLDn/view?usp=sharing
2021,070/PL16/KS.BIV/2021,2 Februari 2021,1 Februari 2026,INDONESIA,PT. WAJOK INTILESTARI,https://drive.google.com/file/d/1Z_xRuoXJ0gq6-TmYxrA3CcdJ2MKIunsf/view?usp=sharing
2021,071/PL16/KS.BIV/2021,2 Februari 2021,2 Februari 2024,INDONESIA,PT. WAJOK INTILESTARI,https://drive.google.com/file/d/1ZYxLPQ63K-Hu1kadAdte5mdwqJ-4NAHO/view?usp=sharing
2021,072/PL16/KS.BIV/2021,2 Februari 2021,2 Februari 2024,INDONESIA,PT. WAJOK INTILESTARI,https://drive.google.com/file/d/1Zq2hb_vDG10MTnke9ZVMQM21z1Zt_xfn/view?usp=sharing
2021,083/PL16/KS.BIV/2021,9 Februari 2021,8 Februari 2026,INDONESIA,SMKS MUHAMMADIYAH SINTANG,https://drive.google.com/file/d/1ZpnSSpMoI22xM-vyxKHyVJfp-JxXPqUD/view?usp=sharing
2021,095/PL16/KS.BIV/2021,16 Februari 2021,15 Februari 2026,INDONESIA,SMK AL-IMAN TERPADU,https://drive.google.com/file/d/1_MKa2QhgCJiGOuXbT7ZUe1SYYvkUfaND/view?usp=sharing
2021,113/PL16/KS.BIV/2021,24 Februari 2021,23 Februari 2026,INDONESIA,PEMERINTAH KOTA SINGKAWANG,https://drive.google.com/file/d/1_AlikKA4YdynDmWcYwsP2YywBdIx5gZD/view?usp=sharing
2021,128/PL16/KS.BIV/2021,2 Maret 2021,-,INDONESIA,PERUSAHAAN UMUM (PERUM) BULOG KANWIL KALBAR,https://drive.google.com/file/d/1ZfrnOs4Pe29NoDIbL2J-czJrKiX1_9od/view?usp=sharing
2021,136/PL16/KS.BIV/2021,8 Maret 2021,7 Maret 2026,INDONESIA,POLITEKNIK SERUYAN,https://drive.google.com/file/d/1_DDTd9TGs-r4fME73SqBpjQSDYVqE-a-/view?usp=sharing
2021,144/PL16/KS.BIV/2021,12 Maret 2021,11 Maret 2026,INDONESIA,KOPI TANAH BORNEO,https://drive.google.com/file/d/1Zo6olWDfbbRZKHhRbBgY6o9g_vK2M0_U/view?usp=sharing
2021,146/PL16/KS.BIV/2021,12 Maret 2021,11 Maret 2026,INDONESIA,KOPERASI MATA ENGGANG KHATULISTIWA,https://drive.google.com/file/d/1ZnQAZsIf1OF8_YJFc1Z64G5T-DKU4Iwn/view?usp=sharing
2021,147/PL16/KS.BIV/2021,15 Maret 2021,14 Maret 2024,INDONESIA,KOPI TANAH BORNEO,https://drive.google.com/file/d/1Zmv2j_Pq4fGDdOO1L_xwfIS8Rx6piowm/view?usp=sharing
2021,161/PL16/KS.BIV/2021,22 Maret 2021,2 Juni 2021,INDONESIA,PT. JASA RAHARJA,https://drive.google.com/file/d/1ZfiYCO63a7Kbpgzcq6iNaNeCU3GkLfQi/view?usp=sharing
2021,170/PL16/KS.BIV/2021,25 Maret 2021,24 Maret 2026,INDONESIA,PEMERINTAH KABUPATEN BENGKAYANG,https://drive.google.com/file/d/1_8y33qO3aOOF7Xs_RvOqnp2XsHhwcgxS/view?usp=sharing
2021,219/PL16/KS.BIV/2021,8 April 2021,7 April 2026,INDONESIA,PT. BANGUN SUKMA JAYA SUKAMARA,https://drive.google.com/file/d/1ZmumS6NXUeDXdP3K9rxW-unipJa20JAL/view?usp=sharing
2021,220/PL16/KS.BIV/2021,8 April 2021,7 April 2026,INDONESIA,DEWAN RISET DAERAH (DRD) KABUPATEN SUKAMARA,https://drive.google.com/file/d/1_7SRItfUinjK-Ig3Yj4OJJKtYipx-5U_/view?usp=sharing
2021,221/PL16/KS.BIV/2021,8 April 2021,7 April 2026,INDONESIA,PT. BPR ARTHA SUKMA (PERSERODA),https://drive.google.com/file/d/1ZlOVD52VCjVmqpCa4NjnnRTLvdsMNXBQ/view?usp=sharing
2021,223/PL16/KS.BIV/2021,9 April 2021,8 April 2026,INDONESIA,PERUSAHAAN DAERAH AIR MINUM KABUPATEN SUKAMARA,https://drive.google.com/file/d/1_6XkqQsT2FMXeUoAEnYnq3TSVrfqSwB3/view?usp=sharing
2021,273/PL16/KS.BIV/2021,28 April 2021,27 April 2026,INDONESIA,UNIVERSITAS BRAWIJAYA,https://drive.google.com/file/d/1_Ce4ZxQJogKNRQjVcU5qTUSFRHO2s0V5/view?usp=sharing
2021,288/PL16/KS.BIV/2021,3 Mei 2021,2 Mei 2026,INDONESIA,UNIVERSITAS PALANGKA RAYA,https://drive.google.com/file/d/1_C-YGBU3KkMDLlNmmwbV8f2jzlUkGMI4/view?usp=sharing
2021,155/PL16/KS.BIV/2021,15 Maret 2021,18 September 2021,INDONESIA,PT PEGADAIAN (PERSERO),https://drive.google.com/file/d/1Ze5Tsge-2w_vJO3ZOb95SgX1H8I14Tli/view?usp=sharing
2021,291/PL16/KS.BIV/2021,4 Mei 2021,3 Mei 2026,INDONESIA,UNIVERSITAS KRISTEN PALANGKA RAYA,https://drive.google.com/file/d/1_BE0uZaE3k5c3vfBiN6Yrpd6ZKH5XuKN/view?usp=sharing
2021,303/PL16/KS.BIV/2021,10 Mei 2021,9 Mei 2026,INDONESIA,UNIVERSITAS PGRI PALANGKA RAYA,https://drive.google.com/file/d/1_Anxc1aGOdonsxA95QRJsdQdHBcfH3V3/view?usp=sharing
2021,304/PL16/KS.BIV/2021,10 Mei 2021,10 Mei 2022,INDONESIA,PT TELEKOMUNIKASI INDONESIA Tbk,https://drive.google.com/file/d/1ZdmIEQXIjySn7WAv9r7a4dfD4iD0dmRm/view?usp=sharing
2021,305/PL16/KS.BIV/2021,10 Mei 2021,9 Mei 2026,INDONESIA,LSP TELEKOMUNIKASI DIGITAL INDONESIA,https://drive.google.com/file/d/1Zkc9Rx4LNh7WT8pbGTK2D4ZKqORby6C-/view?usp=sharing
2021,307/PL16/KS.BIV/2021,11 Mei 2021,10 Mei 2026,INDONESIA,FAKULTAS SAINS DAN TEKNOLOGI UNIVERSITAS TERBUKA,https://drive.google.com/file/d/1_kGGb4kKIBgeLrWWCUFyUxwd1GnFtAcf/view?usp=sharing
2021,315/PL16/KS.BIV/2021,20 Mei 2021,19 Mei 2026,INDONESIA,PT. KREASI PUTRA HOTAMA,https://drive.google.com/file/d/1ZjTR9xRbUDb1zAd93O3ANP3uDGbE8GUA/view?usp=sharing
2021,316/PL16/KS.BIV/2021,20 Mei 2021,19 Mei 2026,INDONESIA,PT ARAH TEKNOLOGI INDONESIA,https://drive.google.com/file/d/1ZjD0nuPoG8YVUTMQttclRkUK9EcPHSkt/view?usp=sharing
2021,081/V/AMT/2021,20 Mei 2021,19 Mei 2026,INDONESIA,PT. AIRMAS TANJUNG,https://drive.google.com/file/d/1ZhfDSF5rgG8jOL_66ZwB5GIoRGppFZ7Z/view?usp=sharing
2021,318/PL16/KS.BIV/2021,20 Mei 2021,19 Mei 2026,INDONESIA,CV. IDEKITE INDONESIA,https://drive.google.com/file/d/1Zh2_6oLGaLW47_PdcXUoekkpOgFVwzBs/view?usp=sharing
2021,319/PL16/KS.BIV/2021,20 Mei 2021,19 Mei 2026,INDONESIA,PT. INOVASI INDUSTRI INDONESIA,https://drive.google.com/file/d/1Zgl_4ocHzVLQo4JJSlClZ85H6Gs_4c4H/view?usp=sharing
2021,0325/PL16/KS.BIV/2021,27 April 2021,26 April 2026,INDONESIA,SMK PLUS DESA NUSANTARA,https://drive.google.com/file/d/1Zc8OaGHVVBZW0TLXxe2FnIQt4KZjCHIt/view?usp=sharing
2021,326/PL16/KS.BIV/2021,25 Mei 2021,24 Mei 2026,INDONESIA,SMK NEGERI 2 SINGKAWANG,https://drive.google.com/file/d/1ZyE1XABTF7F3Fc1vMZBxy-gC1UlpZ3Qi/view?usp=sharing
2021,335/PL16/KS.IV/2021,31 Mei 2021,30 Mei 2024,INDONESIA,KEMENTERIAN KOMUNIKASI DAN INFORMATIKA,https://drive.google.com/file/d/1_5BlYpH8_4x38MTF4NBx7Qb3VcnOlH6m/view?usp=sharing
2021,336/PL16/KS.IV/2021,31 Mei 2021,30 Mei 2024,INDONESIA,BADAN PENELITIAN DAN PENGEMBANGAN SUMBER DAYA MANUSIA KEMENTERIAN KOMUNIKASI DAN INFORMATIKA,https://drive.google.com/file/d/1_3qavfrDJm4exnDy8Q_XYub-gHOjwBur/view?usp=sharing
2021,369/PL16/KS.BIV/2021,9 Juni 2021,8 Juni 2026,INDONESIA,PT. LAYAR ARUNGI PERSADA,https://drive.google.com/file/d/1ZwnfZfMCnDJ8oIj5Mr4X3SOzRpROpiPE/view?usp=sharing
2021,372/PL16/KS.BIV/2021,9 Juni 2021,8 Juni 2026,INDONESIA,PT. PERKEBUNAN NUSANTARA XII,https://drive.google.com/file/d/1_3fV6DmvnriPqWLLb1CwI9TC_YFN_Rtl/view?usp=sharing
2021,378/PL16/KS.BIV/2021,11 Juni 2021,-,INDONESIA,CV. BINA CITRA USAHA,https://drive.google.com/file/d/1ZwbV_exXo1QAkScvkjnkVwnLz2LzvFGB/view?usp=sharing
2021,379/PL16/KS.BIV/2021,26 Mei 2021,-,INDONESIA,CV. BINA CITRA USAHA,https://drive.google.com/file/d/1ZvgwYgTAqocFb3C7CP7W2HpfpojcPTPz/view?usp=sharing
2021,381/PL16/KS.BIV/2021,14 Juni 2021,13 Juni 2024,INDONESIA,PELABUHAN PERIKANAN NUSANTARA (PPN) PEMANGKAT,https://drive.google.com/file/d/1_3aVQnv77CJlTgiqQxT790i88kuqQNeR/view?usp=sharing
2021,402/PL16/KS.BIV/2021,23 Juni 2021,22 Juni 2026,INDONESIA,PT. PEGADAIAN (PERSERO) SANGGAU,https://drive.google.com/file/d/1ZckdCc8HLdufXkbXTb-Y4ehYzeiQqvfB/view?usp=sharing
2021,409/PL16/KS.BIV/2021,25 Juni 2021,22 Desember 2021,INDONESIA,DIREKTORAT SEKOLAH MENENGAH KEJURUAN,https://drive.google.com/file/d/1_29cDACG58hhfQ62iINrsyqJJ-d9krjz/view?usp=sharing
2021,411/PL16/KS.BIV/2021,28 Juni 2021,27 Juni 2024,INDONESIA,PELABUHAN PERIKANAN NUSANTARA (PPN) PEMANGKAT,https://drive.google.com/file/d/1ZckWiphNWuxGDuUkoqjXn4-gcVAjbEcA/view?usp=sharing
2021,458/PL16/KS.BIV/2021,3 Agustus 2021,3 Agustus 2022,INDONESIA,PT. ASURANSI UMUM BUMIPUTERA MUDA 1967,https://drive.google.com/file/d/1Zv7_kNAs3n8FBuz38bQ90aO3zXljHI7o/view?usp=sharing
2021,479/PL16/KS.BIV/2021,16 Agustus 2021,15 Agustus 2026,INDONESIA,PT. SASANA SAHABAT KOMPAK JAYA KALIMANTAN TENGAH,https://drive.google.com/file/d/1Zunh-eNx68Zm_eoHJ-XO7qcx21KEwa0_/view?usp=sharing
2021,480/PL16/KS.BIV/2021,16 Agustus 2021,15 Agustus 2026,INDONESIA,DEWAN PENDIDIKAN KABUPATEN SUKAMARA,https://drive.google.com/file/d/1ZuSFW7Z6dRDSsujFsnAYyYJrRVjb1z6h/view?usp=sharing
2021,481/PL16/KS.BIV/2021,16 Agustus 2021,15 Agustus 2026,INDONESIA,PT. KURNIA WAHAB KABUPATEN SUKAMARA,https://drive.google.com/file/d/1ZstMXGxgMJ8-AN93JJkqGDKVbGcfmL6W/view?usp=sharing
2021,482/PL16/KS.BIV/2021,16 Agustus 2021,15 Agustus 2026,INDONESIA,PT. BANK RAKYAT INDONESIA (PERSERO) TBK. CABANG PEMBANTU MENDAWAI SUKAMARA,https://drive.google.com/file/d/1Zskqvocq-59l25i_Zm88nNceRVQeqRQ-/view?usp=sharing
2021,484/PL16/KS.BIV/2021,18 Agustus 2021,17 Agustus 2026,INDONESIA,TIM PERCEPATAN PEMBANGUNAN DAERAH KABUPATEN SUKAMARA,https://drive.google.com/file/d/1ZsOtpmwl8KuiLbCVBR4UqZfdTilZv44a/view?usp=sharing
2021,497/PL16/KS.BIV/2021,26 Agustus 2021,10 September 2021,INDONESIA,SATUAN KERJA PELAKSANAAN PRASARANA PERMUKIMAN WILAYAH I PROVINSI KALIMANTAN BARAT,https://drive.google.com/file/d/1_S21tiqRKVCXAGdbz1rIw_KdJ2eetUkU/view?usp=sharing
2021,802/PL16/KS.BIV/2021,10 September 2021,9 September 2026,INDONESIA,UNIVERSITAS OSO,https://drive.google.com/file/d/1_gJticD6g7BoMuixlXZjoBMmkertIUBR/view?usp=sharing
2021,836/PL16/KS.BIV/2021,30 September 2021,30 September 2022,INDONESIA,PT ACA PACIFIC,https://drive.google.com/file/d/1ZsFGfrmfFPDTmxfeO4af8Ifm8OjcF-no/view?usp=sharing
2021,840/PL16/KS.BIV/2021,4 Oktober 2021,3 Oktober 2024,INDONESIA,PT. BPR UNIVERSAL KALBAR,https://drive.google.com/file/d/1Zs-CcLN1AauRIcecQIeVOjdyg7plmGNa/view?usp=sharing
2021,897/PL16/KS.BIV/2021,2 November 2021,8 Desember 2021,INDONESIA,"DINAS PEMUDA, OLAH RAGA DAN PARIWISATA KABUPATEN KETAPANG",https://drive.google.com/file/d/1_RrgH_f6boaPDP7xwbXv6HMQ_OowR_y_/view?usp=sharing
2021,891/PL16/KS.BIV/2021,19 November 2021,18 November 2024,INDONESIA,FAKULTAS KEGURUAN DAN ILMU PENDIDIKAN UNIVERSITAS TANJUNGPURA,https://drive.google.com/file/d/1_fczVEj04-HOFTvov3X55g7FBUky23XN/view?usp=sharing
2021,892/PL16/KS.BIV/2021,17 November 2021,17 Desember 2021,INDONESIA,"DINAS PEMBERDAYAAN MASYARAKAT, PEMERINTAHAN DESA DAN DAERAH TERTINGGAL KABUPATEN BENGKAYANG",https://drive.google.com/file/d/1_QusuziPdzNmUXcgBut93a4prECYif_k/view?usp=sharing
2021,910/PL16/KS.BIV,29 November 2021,28 November 2026,INDONESIA,PT. ARISTA JAYA LESTARI (WULING MOTORS),https://drive.google.com/file/d/1ZqzA6gvgFKE0-7vTx9L-d_VBJESByf8a/view?usp=sharing
2021,911/PL16/KS.BIV/2021,1 Desember 2021,30 November 2026,INDONESIA,PUSAT PENGOLAHAN KELAPA TERPADU,https://drive.google.com/file/d/1ZqyuFzZI6Q19WT_7s9Zw9x_L9pgKEmjb/view?usp=sharing
2021,914/PL16/KS.BIV/2021,2 Desember 2021,1 Desember 2025,INDONESIA,SMK NEGERI 1 SUNGAI RAYA,https://drive.google.com/file/d/1_eNpCTTfNhlMKREYvyP5vVXweB5jcLi9/view?usp=sharing
2021,915/PL16/KS.BIV/2021,2 Desember 2021,1 Desember 2024,INDONESIA,SMK NEGERI 1 SUNGAI RAYA,https://drive.google.com/file/d/1_dcfhQY6nLeK_J5OBxyxEo2LWpwQwNrM/view?usp=sharing
2021,916/PL16/KS.BIV/2021,2 Desember 2021,1 Desember 2024,INDONESIA,SMK NEGERI 1 SUNGAI RAYA,https://drive.google.com/file/d/1_dIp3AfpjDLmdLLGnO-HYrbw3qG71cnW/view?usp=sharing
2021,926/PL16/KS.BIV/2021,9 Desember 2021,8 Desember 2024,INDONESIA,SMK NEGERI 1 MEMPAWAH HULU,https://drive.google.com/file/d/1_cUKP_VwENBY0xdnBrjkSEj25r0_lcZB/view?usp=sharing
2021,927/PL16/KS.BIV/2021,9 Desember 2021,8 Desember 2024,INDONESIA,SMK NEGERI 1 MEMPAWAH HULU,https://drive.google.com/file/d/1_a3lKw87GOo2ui9ZbUzKBHyHmrmsFdP5/view?usp=sharing
2021,941/PL16/KS.BIV/2021,15 Desember 2021,14 Desember 2026,INDONESIA,PT ASTRA INTERNATIONAL TBK - DAIHATSU,https://drive.google.com/file/d/1ZqMsA5Ks_CUQmX3sByhufZVNo4bnQuKI/view?usp=sharing
2021,951/PL16/KS.BIV/2021,17 Desember 2021,16 Desember 2026,INDONESIA,SMK NEGERI 4 PONTIANAK,https://drive.google.com/file/d/1_ZyZRpmoCy__YFCoqdGG2iJVi97yymPK/view?usp=sharing
2021,965/PL16/KS.BIV/2021,20 Desember 2021,19 Desember 2026,INDONESIA,PT. ALOE VERA INDONESIA,https://drive.google.com/file/d/1Zye1qIRBgCaKp6QLlzCBUDAQJFvEcjT3/view?usp=sharing
2021,966/PL16/KS.BIV/2021,20 Desember 2021,19 Desember 2026,INDONESIA,PT. HOK TONG CLUSTER KALIMANTAN,https://drive.google.com/file/d/1_20jwNr2Ha8WsKG4ho4Tps5m3ULBg2rU/view?usp=sharing
2021,975/PL16/KS.BIV/2021,21 Desember 2021,20 Desember 2026,INDONESIA,SMK NEGERI 2 PEMANGKAT,https://drive.google.com/file/d/1_ZJiVeflhXIvqYdVreLWeLDlTlfTeyIM/view?usp=sharing
2021,980/PL16/KS.BIV/2021,21 Desember 2021,20 Desember 2026,INDONESIA,SMK NEGERI 1 NANGA SEPAUK,https://drive.google.com/file/d/1_WJhVhqJDuzZBZO1uhagUNuswNIzD66i/view?usp=sharing
2021,983/PL16/KS.BIV/2021,21 Desember 2021,20 Desember 2026,INDONESIA,SMK SWASTA BUDI LUHUR SINTANG,https://drive.google.com/file/d/1_UD2c5mTOz9v1nCNtLYADYeL7x8o_g22/view?usp=sharing
2021,1016/PL16/KS/2021,19 Februari 2021,-,INDONESIA,BALAI JASA KONSTRUKSI WILAYAH V BANJARMASIN,https://drive.google.com/file/d/1_Alkq-YVziDt-sS3rMBS8RQDgQDe6p3U/view?usp=sharing
2021,207/PL16/KS.BIV/2021,1 April 2021,1 Oktober 2021,INDONESIA,BADAN PERENCANAAN PEMBANGUNAN DAERAH (BAPPEDA) KABUPATEN SUKAMARA,https://drive.google.com/file/d/1_8RF7gMvXcecpr8EbAlnzwbt9gGMC-fH/view?usp=sharing
2021,-,2 November 2021,-,INDONESIA,DINAS PEMUDA OLAH RAGA DAN PARIWISATA KABUPATEN BENGKAYANG,https://drive.google.com/file/d/1_5uV65CRZ2ew79m2MW40BGud_HdsJ3MA/view?usp=sharing
2021,-,2 November 2021,-,INDONESIA,DINAS PEMUDA OLAH RAGA DAN PARIWISATA KABUPATEN BENGKAYANG,https://drive.google.com/file/d/1_5X1qt_ud_t4Rg-4huOG-GpB4FWfx8S5/view?usp=sharing
2021,7960/PL16/KP/2021,20 Desember 2021,20 Desember 2022,INDONESIA,LEMBAGA PENJAMINAN MUTU DAN PENGEMBANGAN PENDIDIKAN UNIVERSITAS HASANUDDIN,https://drive.google.com/file/d/1_h4w9R8Dw3WwT4s6FX9Xi9pnGBp7wu96/view?usp=sharing
2022,-,29 Juli 2022,-,INDONESIA,DIREKTORAT SEKOLAH MENENGAH KEJURUAN,https://drive.google.com/file/d/1avS2Ct4d3TeRcdqL031fvlGadjoZL5MC/view?usp=drive_link
2022,-,29 Juli 2022,-,INDONESIA,DIREKTORAT SEKOLAH MENENGAH KEJURUAN,https://drive.google.com/file/d/1at--istUgZ-kvAKKCM-4WBzk6u0h83v0/view?usp=sharing
2022,-,29 November 2022,28 November 2025,MALAYSIA,POLITEKNIK KOTA KINABALU,https://drive.google.com/file/d/1aI7uee0pO5MrCfTAHx4zKZb4bDPoUznN/view?usp=sharing
2022,-,6 Desember 2022,5 Desember 2027,GERMANY,THE DEGGENDORF INSTITUTE OF TECHNOLOGY (DIT),https://drive.google.com/file/d/1aLKiZdIZCEgIy7n-nZTRFlbtJpb1lAlB/view?usp=sharing
2022,-,6 Desember 2022,5 Desember 2027,GERMANY,THE DEGGENDORF INSTITUTE OF TECHNOLOGY (DIT),https://drive.google.com/file/d/1aFVrQylNK8RgUUiPAoUUDLTg2v5v9enD/view?usp=sharing
2022,-,23 November 2022,-,GERMANY,TU DRESDEN INSTITUTE FOR FURTHER AND CONTINUING EDUCATION,https://drive.google.com/file/d/1aK5z3GwwZryEcvz-6g19SC2CYsHQOU94/view?usp=sharing
2022,001/PL16/KS.BIV/2022,23 Maret 2022,22 Maret 2027,INDONESIA,BADAN PENYELENGGARA JAMINAN SOSIAL KESEHATAN (BPJS) CABANG PONTIANAK,https://drive.google.com/file/d/1argJ3tI_ikeKKtRXn3IAmxu9FlA_zXh_/view?usp=sharing
2022,009/PL16/KS.BIV/2022,7 Januari 2022,6 Januari 2025,INDONESIA,SMK AL-IMAN TERPADU,https://drive.google.com/file/d/1aBl-jrFu3Vq-706xFGKvMu7Il4i0CuLG/view?usp=sharing
2022,010/PL16/KS.BIV/2022,7 Januari 2022,6 Januari 2025,INDONESIA,SMK AL-IMAN TERPADU,https://drive.google.com/file/d/1aAEOGYX-8DuIidi2W64QGWLM2qtLh9L3/view?usp=sharing
2022,035/PL16/KS.BIV/2022,19 Januari 2022,18 Januari 2027,INDONESIA,UNIVERSITAS MULAWARMAN,https://drive.google.com/file/d/1ajNjKdjOjtNyLUj7lyhyriAJOKmCUfa1/view?usp=sharing
2022,041/PL16/KS.BIV/2022,21 Januari 2022,20 Januari 2025,INDONESIA,CV AGRIBISNIS MULTI SEKTOR,https://drive.google.com/file/d/1_snNcqEqgLrNQ_tH70bmQ3jgVOOYDRRf/view?usp=sharing
2022,042/PL16/KS.BIV/2022,21 Januari 2022,20 Januari 2025,INDONESIA,CV AGRIBISNIS MULTI SEKTOR,https://drive.google.com/file/d/1_qIfhQXaUQbvbcT9D6sYWW7-Triz_HlJ/view?usp=sharing
2022,050/PL16/KS.BIV/2022,25 Januari 2022,24 Januari 2027,INDONESIA,POLITEKNIK PERTANIAN NEGERI PANGKAJENE KEPULAUAN,https://drive.google.com/file/d/1ah1NTyqpnmZtYBtdSbYJWya09lKifOeG/view?usp=sharing
2022,060/PL16/KS.BIV/2022,27 Januari 2022,26 Januari 2025,INDONESIA,CV. BINA CITRA USAHA,https://drive.google.com/file/d/1_pqWIIaQxVGJC0IcF3CO_AgKTtuLu_3B/view?usp=sharing
2022,061/PL16/KS.BIV/2022,27 Januari 2022,26 Januari 2025,INDONESIA,CV. BINA CITRA USAHA,https://drive.google.com/file/d/1_pYf_hyR1N1pREk4MrrnAOqhpVTGadnX/view?usp=sharing
2022,063/PL16/KS.BIV/2022,27 Januari 2022,26 Januari 2025,INDONESIA,FARM 169,https://drive.google.com/file/d/1_pHJes6SaCX0pb6XBSdR53JqGnRREk0R/view?usp=sharing
2022,064/PL16/KS.BIV/2022,27 Januari 2022,26 Januari 2025,INDONESIA,FARM 169,https://drive.google.com/file/d/1_oj5aILBE63kdhsTdOPeqFA6j2GbIYXR/view?usp=sharing
2022,065/PL16/KS.BIV/2022,27 Januari 2022,26 Januari 2027,INDONESIA,UNIT PEMBENIHAN DAN PENDEDERAN IKAN AIR TAWAR (UPPIAT) AMPERA,https://drive.google.com/file/d/1_odyB9ACzmoJfC0aHODkyu27_5p5HgX1/view?usp=sharing
2022,066/PL16/KS.BIV/2022,27 Januari 2022,26 Januari 2025,INDONESIA,UNIT PEMBENIHAN DAN PENDEDERAN IKAN AIR TAWAR (UPPIAT) AMPERA,https://drive.google.com/file/d/1_noln7xTygoc5bwv4ffnzMSxRf5Cknse/view?usp=sharing
2022,067/PL16/KS.BIV/2022,27 Januari 2022,26 Januari 2025,INDONESIA,UNIT PEMBENIHAN DAN PENDEDERAN IKAN AIR TAWAR (UPPIAT) AMPERA,https://drive.google.com/file/d/1_mChTk6bRm-SmqlCUXHY8RcicaS1shRY/view?usp=sharing
2022,073/PL16/KS.BIV/2022,31 Januari 2022,30 Januari 2025,INDONESIA,SOUTHEAST ASIAN MINISTERS OF EDUCATION ORGANIZATION REGIONAL OPEN LEARNING CENTRE (SEAMEO SEAMOLEC),https://drive.google.com/file/d/1aqo9FM1ugweSA9dh3qhtkjQmxuEO5WA2/view?usp=sharing
2022,078/PL16/KS.BIV/2022,3 Agustus 2022,31 Desember 2022,INDONESIA,SOUTHEAST ASIAN MINISTERS OF EDUCATION ORGANIZATION REGIONAL OPEN LEARNING CENTRE (SEAMEO SEAMOLEC),https://drive.google.com/file/d/1aqnbQUBQ7VyZWYPNMZI213crUSGfPXJY/view?usp=sharing
2022,079/PL16/KS.BIV/2022,2 Februari 2022,1 Februari 2027,INDONESIA,KANWIL DJP KALIMANTAN BARAT,https://drive.google.com/file/d/1aqX5A4VlIBTyj-wlEzwWhkSwm6zVs76c/view?usp=sharing
2022,096/PL16/KS.BIV/2022,14 Februari 2022,13 Februari 2027,INDONESIA,UNIVERSITAS TELKOM,https://drive.google.com/file/d/1aeFxMDpC_NpB_sFAR8OHaAyIX7boteja/view?usp=sharing
2022,102/PL16/KS.BIV/2022,17 Februari 2022,16 Februari 2027,INDONESIA,PT. KALIMANTAN SANGGAR PUSAKA,https://drive.google.com/file/d/1_ll-FUtwdI4qzvTUgME6V8V9k1fF1M5r/view?usp=sharing
2022,109/PL16/KS.BIV/2022,21 Februari 2022,20 Februari 2027,INDONESIA,PEMERINTAH KABUPATEN KAPUAS HULU,https://drive.google.com/file/d/1aqRceu4AdK3dieia6BO0uugzfOa3SsGx/view?usp=sharing
2022,134/PL16/KS.BIV/2022,7 Maret 2022,6 Maret 2027,INDONESIA,UNIVERSITAS NEGERI MALANG (UM),https://drive.google.com/file/d/1aeEobQql-VFk3C3SzcNNblJ3OUmHWnHn/view?usp=sharing
2022,139/PL16/KS.BIV/2022,8 Maret 2022,31 Juli 2023,INDONESIA,PROGRAM STUDI D3 MANAJEMEN PEMASARAN FAKULTAS EKONOMI DAN BISNIS UNIVERSITAS NEGERI MALANG,https://drive.google.com/file/d/1acd1QMN12Vdb2vfhOYc2mWY9Jz2URbaW/view?usp=sharing
2022,140/PL16/KS.BIV/2022,1 Februari 2022,31 Januari 2024,INDONESIA,PROGRAM STUDI D3 MANAJEMEN PEMASARAN FAKULTAS EKONOMI DAN BISNIS UNIVERSITAS NEGERI MALANG,https://drive.google.com/file/d/1acHuxF72XEnk1pGMbY5hXleswgHe0R_J/view?usp=sharing
2022,141/PL16/KS.BIV/2022,8 Maret 2022,7 Maret 2025,INDONESIA,PROGRAM STUDI D3 MANAJEMEN PEMASARAN FAKULTAS EKONOMI DAN BISNIS UNIVERSITAS NEGERI MALANG,https://drive.google.com/file/d/1aYuGRPrKVoT47gNLnbVv3-Ob44VUHJSR/view?usp=sharing
2022,142/PL16/KS.BIV/2022,8 Maret 2022,7 Maret 2024,INDONESIA,PROGRAM STUDI D3 MANAJEMEN PEMASARAN FAKULTAS EKONOMI DAN BISNIS UNIVERSITAS NEGERI MALANG,https://drive.google.com/file/d/1aYrbRinBNm-P2lKRp41HaLXtBE_b7sVI/view?usp=sharing
2022,143/PL16/KS.BIV/2022,1 Januari 2022,28 Februari 2024,INDONESIA,PROGRAM STUDI D3 MANAJEMEN PEMASARAN FAKULTAS EKONOMI DAN BISNIS UNIVERSITAS NEGERI MALANG,https://drive.google.com/file/d/1aY_vMDaffvVb6OsT2KHabvizUvEe7S-T/view?usp=sharing
2022,145/PL16/KS.BIV/2022,9 Maret 2022,8 Maret 2027,INDONESIA,PT. REZEKI KENCANA,https://drive.google.com/file/d/1_lNjyvGBK6OPKH9Oyjaj_LanBHhPZF9Q/view?usp=sharing
2022,150/PL16/KS.BIV/2022,10 Maret 2022,9 Maret 2027,INDONESIA,PEMERINTAH PROVINSI KALIMANTAN BARAT,https://drive.google.com/file/d/1ao_dylSnqvjNy5Jl6687iALMECVWVVYg/view?usp=sharing
2022,154/PL16/KS.BIV/2022,11 Maret 2022,10 Maret 2027,INDONESIA,PT. ANZON TOYOTA,https://drive.google.com/file/d/1_lAY5PxcFdZ581pqlwbRQlyF6JfNbe3a/view?usp=sharing
2022,162/PL16/KS.BIV/2022,15 Maret 2022,14 Maret 2027,INDONESIA,CV. WAHANA SERVICE,https://drive.google.com/file/d/1a7LhzU82jDW5tW0erpZPpmQzuWR1D3BP/view?usp=sharing
2022,174/PL16/KS.BIV/2022,18 Maret 2022,17 Maret 2027,INDONESIA,PT. SEPANJANG INTI SURYA MULIA,https://drive.google.com/file/d/1a5gnv8Ld2KLRM1GzVYooU0vUc9Svh3Yb/view?usp=sharing
2022,179/PL16/KS.BIV/2022,21 Maret 2022,20 Maret 2027,INDONESIA,PT. BARA KARYA SARANA,https://drive.google.com/file/d/1a3aFukLxb-7rmSQ8t7uuzbJqGzNPgTVQ/view?usp=sharing
2022,200/PL16/KS.BIV/2022,28 Maret 2022,27 Maret 2027,INDONESIA,BALAI PENGELOLA TRANSPORTASI DARAT (BPTD) WILAYAH XIV PROVINSI KALIMANTAN BARAT,https://drive.google.com/file/d/1ak8THv8wwWP875u-8dnE3gQ_tXTNV8cI/view?usp=sharing
2022,201/PL16/KS.BIV/2022,28 Maret 2022,27 Maret 2027,INDONESIA,UNIVERSITAS PENDIDIKAN INDONESIA,https://drive.google.com/file/d/1aYNTq0santcDbpqAYqs8v3uZChPtKY-9/view?usp=sharing
2022,221/PL16/KS.BIV/2022,1 April 2022,9 Mei 2022,INDONESIA,LEMBAGA PENYIARAN PUBLIK RADIO REPUBLIK INDONESIA (RRI) PONTIANAK,https://drive.google.com/file/d/1bBq0wYLiegTg8PNIJ0x43vKbPlrFpyr3/view?usp=sharing
2022,225/PL16/KS.BIV/2022,4 April 2022,4 April 2023,INDONESIA,PERUSAHAAN UMUM (PERUM) BULOG KANWIL KALBAR,https://drive.google.com/file/d/1_tiPHDi84zowEOFhmohdg7AmdEKvJUc9/view?usp=sharing
2022,226/PL16/KS.BIV/2022,5 April 2022,4 April 2027,INDONESIA,BADAN PENGAWAS OBAT DAN MAKANAN,https://drive.google.com/file/d/1bBbKzrCbIRSMeeXmqnwzFAdKR5_7Uqv2/view?usp=sharing
2022,262/PL16/KS.BIV/2022,13 April 2022,12 April 2027,INDONESIA,PT. ANUGERAH REZEKI TEKNINDO,https://drive.google.com/file/d/1a24ncAC-xcVlwon1IuIZhCtXs9gNfwX4/view?usp=sharing
2022,266/PL16/KS.BIV/2022,14 April 2022,13 April 2027,INDONESIA,PEMERINTAH DESA KUMPANG TENGAH,https://drive.google.com/file/d/1bBElaTqbYHf0arU9HI_yPomKfgCET-DL/view?usp=sharing
2022,302/PL16/KS.BIV/2022,9 Mei 2022,8 Mei 2027,INDONESIA,ASTEKINDO PROVINSI KALIMANTAN BARAT,https://drive.google.com/file/d/1aM-tTP2_128P2zQ_lJUXZJsLL-BKcBwx/view?usp=sharing
2022,312/PL16/KS.BIV/2022,1 April 2022,31 Maret 2024,INDONESIA,PT. ASABRI (PERSERO),https://drive.google.com/file/d/1_t_U27O_E9KGPiX-CXuwtCImamTjr4mr/view?usp=sharing
2022,318/PL16/KS.BIV/2022,19 Mei 2022,18 Mei 2027,INDONESIA,EXCELLENCE ENGLISH STUDIO,https://drive.google.com/file/d/1a1mC0sCaDAWoFCMyjJhpIK6xdeVSJZsH/view?usp=sharing
2022,327/PL16/KS.BIV/2022,24 Mei 2022,22 Agustus 2022,INDONESIA,EXCELLENCE ENGLISH STUDIO,https://drive.google.com/file/d/1a1ID2V8GiibCXouUuCvbSMwUpdLnzL1m/view?usp=sharing
2022,328/PL16/KS.BIV/2022,24 Mei 2022,31 Juli 2022,INDONESIA,EXCELLENCE ENGLISH STUDIO,https://drive.google.com/file/d/1a0zl6Sifx0c586GK_ioCCdMC5oLbAobv/view?usp=sharing
2022,335/PL16/KS.BIV/2022,31 Desember 2022,30 Desember 2027,INDONESIA,PT ASTRA INTERNATIONAL TBK - TOYOTA AUTO 2000 SUPADIO,https://drive.google.com/file/d/1a-8nqjdmEOql_EZDxKJwYUW0XSDXTCsm/view?usp=sharing
2022,-,6 Juni 2022,30 September 2022,INDONESIA,BALAI BESAR PENGEMBANGAN SDM DAN PENELITIAN KOMINFO MEDAN,https://drive.google.com/file/d/1alcJuAM5hAsUyF0h5-l2NtOy_F-trhwE/view?usp=sharing
2022,353/PL16/KS.BIV/2022,13 Juni 2022,12 Juni 2027,INDONESIA,POLITEKNIK TONGGAK EQUATOR,https://drive.google.com/file/d/1aVZpwhditXzvxCk8R8AKR0Yx_-BQMOLe/view?usp=sharing
2022,354/PL16/KS.BIV/2022,1 Januari 2022,1 Januari 2024,INDONESIA,PT. BANK RAKYAT INDONESIA (PERSERO) TBK,https://drive.google.com/file/d/1_tG5FLko7dzCFo-JX4lvq16kHhrUkp2S/view?usp=sharing
2022,380/PL16/KS.BIV/2022,28 Juni 2022,27 Juni 2027,INDONESIA,PT. ANUGERAH REZEKI TEKNINDO,https://drive.google.com/file/d/1_yuWNrBW4tuJi0juanTxvFcJoLogmPm0/view?usp=sharing
2022,384/PL16/KS.BIV/2022,29 Juni 2022,28 Juni 2027,INDONESIA,PT. SINTANG RAYA,https://drive.google.com/file/d/1_yl2S9UgKQk0rNV854KIl5kBhgpGbl7R/view?usp=sharing
2022,392/PL16/KS.BIV/2022,4 Juli 2022,31 Desember 2022,INDONESIA,PT ARAH TEKNOLOGI INDONESIA,https://drive.google.com/file/d/1_yIr8qehGi4fkRxD9Leht1u2q4BhaYDo/view?usp=sharing
2022,412/PL16/KS.BIV/2022,18 Juli 2022,17 Juli 2025,INDONESIA,POLITEKNIK NEGERI KETAPANG,https://drive.google.com/file/d/1aVRWRNFYuXf3UuaqbnT1Hbvi_adYRb0i/view?usp=sharing
2022,413/PL16/KS.BIV/2022,18 Juli 2022,18 Juli 2023,INDONESIA,POLITEKNIK NEGERI SAMBAS,https://drive.google.com/file/d/1aV1arK1BitwfcJ5M-y-ifkO7BmE1YljU/view?usp=sharing
2022,420/PL16/KS.BIV/2022,21 Juli 2022,20 Juli 2027,INDONESIA,PT. GAYA MAKMUR TRACTORS,https://drive.google.com/file/d/1_xCWzoZdJeT1y-c2XD1y7gYAzfVONhJq/view?usp=sharing
2022,421/PL16/KS.BIV/2022,21 Juli 2022,20 Juli 2027,INDONESIA,PT. GAYA MAKMUR TRACTORS,https://drive.google.com/file/d/1_vHqpp4BnWyWAbIqi9m5oKAKfWnQn6-A/view?usp=sharing
2022,422/PL16/KS.BIV/2022,21 Juli 2022,20 Juli 2027,INDONESIA,PT. GAYA MAKMUR TRACTORS,https://drive.google.com/file/d/1_tw-8maokWw3cMGHDidbR1APRO-yqMIh/view?usp=sharing
2022,423/PL16/KS.BIV/2022,22 Juli 2022,21 Juli 2027,INDONESIA,CV. ARTHA BIMA CITRA,https://drive.google.com/file/d/1_tlE2iefTTvwz-86vEB1BjKFxPITifIw/view?usp=sharing
2022,435/PL16/KS.BIV/2022,1 Agustus 2022,31 Juli 2027,INDONESIA,POLITEKNIK NEGERI BATAM,https://drive.google.com/file/d/1aUf2b5O6zxEehiSCHls2oEWX4LDgYLTp/view?usp=sharing
2022,437/PL16/KS.BIV/2022,1 Agustus 2022,31 Juli 2024,INDONESIA,POLITEKNIK NEGERI BATAM,https://drive.google.com/file/d/1b04towOeJ3tIfmE-bVTTumYTZPXcbsDg/view?usp=sharing
2022,439/PL16/KS.BIV/2022,3 Agustus 2022,3 Agustus 2023,INDONESIA,PT. KINOBI TECHNOLOGIES INDONESIA,https://drive.google.com/file/d/1aROBUJKAdaXRy93UBmn1dgxU7pIrEEoa/view?usp=sharing
2022,442/PL16/KS.BIV/2022,4 Agustus 2022,3 Agustus 2027,INDONESIA,IKATAN AHLI RANCANG KOTA INDONESIA,https://drive.google.com/file/d/1aLf7cC6DM1Is-9H0VAQBoiL-UG-lrUOw/view?usp=sharing
2021,444/PL16/KS.BIV/2022,30 September 2021,29 Februari 2024,INDONESIA,PT. KINOBI TECHNOLOGIES INDONESIA,https://drive.google.com/file/d/1aR2tK8mCa5Zx-tVu6dBLm4Vn-hBJaeUP/view?usp=sharing
2022,461/PL16/KS.BIV/2022,18 Agustus 2022,18 Agustus 2024,INDONESIA,HOTEL MERCURE PONTIANAK,https://drive.google.com/file/d/1aPvlRsudEvPJ8Qp4aJe-uRtcorbJv4uZ/view?usp=sharing
2022,494/PL16/KS.BIV/2022,6 September 2022,6 September 2023,INDONESIA,POLITEKNIK TONGGAK EQUATOR,https://drive.google.com/file/d/1b-xHgs0Y3ENgfzCnrGoJIgEujUNm4Xpu/view?usp=sharing
2022,516/PL16/KS.BIV/2022,14 September 2022,13 September 2025,INDONESIA,SMK NEGERI IV SPP-SPMA SINGKAWANG,https://drive.google.com/file/d/1bAYHVI2tgvwcM471MBf3WegLNULd8XGH/view?usp=sharing
2022,517/PL16/KS.BIV/2022,14 September 2022,13 September 2025,INDONESIA,SMK NEGERI 3 SINGKAWANG,https://drive.google.com/file/d/1b9cy1KmigfyOSAbEyuIjPwpB0a6uO8iT/view?usp=sharing
2022,554/PL16/KS.BIV/2022,16 September 2022,15 September 2025,INDONESIA,SMK NEGERI 1 KELAM PERMAI,https://drive.google.com/file/d/1ayS9byMehTES35SvNlzmIpA3hfleMjOc/view?usp=sharing
2022,555/PL16/KS.BIV/2022,16 September 2022,15 September 2025,INDONESIA,SMK NEGERI 5 SINGKAWANG,https://drive.google.com/file/d/1b7cLs7DECoVF4X28QdGnTlCfD7pvUCdF/view?usp=sharing
2022,556/PL16/KS.BIV/2022,16 September 2022,15 September 2027,INDONESIA,SUJAYA GROUP,https://drive.google.com/file/d/1Upnhvoh89qIWMXtFdscPaSV-WkT2GFk5/view?usp=sharing
2022,560/PL16/KS.BIV.2022,19 September 2022,19 September 2023,INDONESIA,POLITEKNIK AISYIYAH PONTIANAK,https://drive.google.com/file/d/1axOqvG1fsDPckQTuKc2kuuHPT51tLJhK/view?usp=sharing
2022,573/PL16/KS.BIV/2022,22 September 2022,22 September 2023,INDONESIA,PT ACA PACIFIC,https://drive.google.com/file/d/1aNSCVkaWMVNtWG83SlBHCAut0sqODMgG/view?usp=sharing
2022,626/PL16/KS.BIV/2022,28 Oktober 2022,28 Oktober 2023,INDONESIA,PEMERINTAH DESA SEBUBUS,https://drive.google.com/file/d/1b7P0_OSQoDPKwPHvWcn281lbxtobW2RZ/view?usp=sharing
2022,728/PL16/KS.BIV/2022,12 Desember 2022,11 Desember 2027,INDONESIA,PT. MULTI PRIMA ENTAKAI,https://drive.google.com/file/d/1aMjp8c48bEm7vqOfCgmfH84N74iQWSSO/view?usp=sharing
2022,757/PL16/KS.BIV/2022,19 Desember 2022,18 Desember 2027,INDONESIA,SMK NEGERI 2 KETAPANG,https://drive.google.com/file/d/1awvnPhDSRTd-15NATS1r8BVP11X2awlO/view?usp=sharing
2022,7031/PL16/KS/2022,14 Oktober 2022,31 Desember 2023,INDONESIA,BANK INDONESIA,https://drive.google.com/file/d/1b4mcr3diL95c4jC3cXrIR3kTfd6Qcf8U/view?usp=sharing
2023,-,21 Agustus 2023,10 September 2023,INDONESIA,DINAS TENAGA KERJA DAN TRANSMIGRASI KABUPATEN SANGGAU,https://drive.google.com/file/d/1bWjnZxXmzlu2r3QeIIVZOK1hm1kcOLbK/view?usp=sharing
2023,-,29 Agustus 2023,28 Oktober 2023,FRANCE,CY CERGY PARIS UNIVERSITE,https://drive.google.com/file/d/1c4tl3EIO8k8seGse8Ph0_o8ivI8kXQrz/view?usp=sharing
2023,-,20 Februari 2023,19 Februari 2028,FRANCE,UNIVERSITE DU LITTORAL COTE d'OPALE,https://drive.google.com/file/d/1c3sQ3oGST5_NFHgudGt0G0-lbIvXuQtf/view?usp=sharing
2023,-,24 Februari 2023,-,FRANCE,"UNIVERSITE POLYTECHNIQUE HAUTS-DE-FRANCE, UPHF",https://drive.google.com/file/d/1cPOcfidQ_upj3YjkmsXje5Qf_Cj6cO2M/view?usp=sharing
2023,-,13 Maret 2023,11 Maret 2028,FRANCE,UNIVERSITE DE LILLE,https://drive.google.com/file/d/1cOmH0ubVxrA6F2XthJFWw7e6D0vacmU2/view?usp=sharing
2023,-,29 Agustus 2023,27 Agustus 2028,FRANCE,CY CERGY PARIS UNIVERSITE,https://drive.google.com/file/d/1cLNcgR9M2XWFZ0q0X__4NbjnD1OYwLBp/view?usp=sharing
2023,034/PL16/KS.BIV/2023,20 Januari 2023,19 Januari 2028,INDONESIA,KANWIL DJP KALIMANTAN BARAT,https://drive.google.com/file/d/1cFnmT1FgluDyWeOjZfFbMmZIg7rpi4gC/view?usp=sharing
2023,055/PL16/KS.BIV/2023,26 Januari 2023,25 Januari 2028,INDONESIA,SMK NEGERI 1 PALOH,https://drive.google.com/file/d/1bVvZ1IJrZZPjTvmhz9luIeddNwrrxb0E/view?usp=sharing
2023,060/PL16/KS.BIV/2023,30 Januari 2023,29 Januari 2028,INDONESIA,SMK SUBUR INSANI SAMBAS,https://drive.google.com/file/d/1bVmpzVjtv2NcZTK0moftaVArIYtvjLhT/view?usp=sharing
2023,061/PL16/KS.BIV/2023,30 Januari 2023,29 Januari 2028,INDONESIA,SMK NEGERI 1 NANGA TAYAP,https://drive.google.com/file/d/1bTilO_QnVkIpM4Z0hUbcsJE6RaXUs4bq/view?usp=sharing
2023,064/PL16/KS.BIV/2023,31 Januari 2023,30 Januari 2028,INDONESIA,SMKS BINA UTAMA PONTIANAK,https://drive.google.com/file/d/1bsF-VpQwtphfYNWSKS9TfSpuFMOyZEmy/view?usp=sharing
2023,065/PL16/KS.BIV/2023,31 Januari 2023,30 Januari 2028,INDONESIA,SMK SUBUR INSANI SAMBAS,https://drive.google.com/file/d/1brWHOEXfbm9h3wXP8gVVU37KcCsk7CGa/view?usp=sharing
2023,066/Pl16/KS.BIV/2023,31 Januari 2023,30 Januari 2028,INDONESIA,SMK NEGERI 1 SINGKAWANG,https://drive.google.com/file/d/1brJRaycea-_VNHagLJg06C-WUGQBE1E-/view?usp=sharing
2023,067/PL16/KS.BIV/2023,31 Januari 2023,30 Januari 2028,INDONESIA,SMK BINA PUTRA SUNGAI RAYA,https://drive.google.com/file/d/1bphlvqHn9F5Qxx93-g0wzSPAvpBjL2Wy/view?usp=sharing
2023,068/PL16/KS.BIV/2023,31 Januari 2023,30 Januari 2028,INDONESIA,PEMERINTAH KABUPATEN KETAPANG,https://drive.google.com/file/d/1cFNET8HTXNr7DR8g-WAuPLFDtpJEi923/view?usp=sharing
2023,080/PL16/KS.BIV/2023,2 Februari 2023,2 Februari 2024,INDONESIA,LSP ASTEKINDO KONSTRUKSI MANDIRI,https://drive.google.com/file/d/1bphbS5K5RqNMj-7Da7LWZ9D5nQrzgLdH/view?usp=sharing
2023,082/PL16/KS.BIV/2023,2 Februari 2023,1 Februari 2028,INDONESIA,PT. OFISIAL SERTIFIKASI HARAPAN,https://drive.google.com/file/d/1b1Pq0gcQVlaT-cbqZNoPWKVyDcsqEdpL/view?usp=sharing
2023,085/PL16/KS.BIV/2023,3 Februari 2023,2 Februari 2028,INDONESIA,PT. OFISIAL SERTIFIKASI HARAPAN,https://drive.google.com/file/d/1b1MhORs66Zx6JGp3wiJKf1Tw1_pdVnUT/view?usp=sharing
2023,087/PL16/KS.BIV/2023,3 Februari 2023,2 Februari 2028,INDONESIA,SMK NEGERI 1 SINTANG,https://drive.google.com/file/d/1boY_BVRChVM0qKf7B2dFrfBhkj3cP0xh/view?usp=sharing
2023,090/PL16/KS.BIV/2023,6 Februari 2023,5 Februari 2028,INDONESIA,SMK NEGERI 1 NANGA TAYAP,https://drive.google.com/file/d/1bnapMqTUh93VadL9mKgSQuJ-R74w5GN4/view?usp=sharing
2023,093/PL16/KS.BIV/2023,6 Februari 2023,5 Februari 2028,INDONESIA,SMKS MUHAMMADIYAH SINTANG,https://drive.google.com/file/d/1bl5XCcO3IPyM82xWdXvqA4QoCPldOGyq/view?usp=sharing
2023,095/PL16/KS.BIV/2023,7 Februari 2023,6 Februari 2028,INDONESIA,SMK NEGERI 1 SINGKAWANG,https://drive.google.com/file/d/1bjvt_3HfmV9X26kgSnkADlffURfXgeo-/view?usp=sharing
2023,100/PL16/KS.BIV/2023,8 Februari 2023,7 Februari 2028,INDONESIA,SMK NEGERI 1 ENTIKONG,https://drive.google.com/file/d/1biqJcSgOFwdl8-pFdMFOFdaSqCrE8mdK/view?usp=sharing
2023,101/PL16/KS.BIV/2023,8 Februari 2023,7 Februari 2028,INDONESIA,SMK BINA PUTRA SUNGAI RAYA,https://drive.google.com/file/d/1bimMDjEcOjVrZ6kPSriJd2p0AHSKyqn3/view?usp=sharing
2023,104/PL16/KS.BIV/2023,9 Februari 2023,8 Februari 2028,INDONESIA,SMK NEGERI 1 ENTIKONG,https://drive.google.com/file/d/1bi1MDY8w5fVP7lGhX29clP2m9H8jT5Ja/view?usp=sharing
2023,121/PL16/KS.BIV/2023,16 Februari 2023,15 Februari 2028,INDONESIA,SMK NEGERI 1 SEMPARUK,https://drive.google.com/file/d/1bgigNFl2aq-53aMvLOB2k-ru9RYAbNy4/view?usp=sharing
2023,122/PL16/KS.BIV/2023,16 Februari 2023,15 Februari 2028,INDONESIA,SMK NEGERI 1 SINTANG,https://drive.google.com/file/d/1c1aWwpEwcA-WPR9fRD7CQdrTSCp5zNZ8/view?usp=sharing
2023,194/PL16/KS.BIV/2023,16 Maret 2023,14 Maret 2028,INDONESIA,SMKS BINA UTAMA PONTIANAK,https://drive.google.com/file/d/1c0M7Xgbma93Z4XZN5LrrGr7V0fCCoJ0S/view?usp=sharing
2023,227/PL16/KS.BIV/2023,30 Maret 2023,1 April 2023,INDONESIA,KOMISI PEMILIHAN UMUM PROVINSI KALIMANTAN BARAT,https://drive.google.com/file/d/1ZBYS11Swq66vREl9iowAkgIeigBuvhlw/view?usp=sharing
2023,283/PL16/KS.BIV/2023,2 Mei 2023,30 April 2028,INDONESIA,PEMERINTAH KABUPATEN SANGGAU,https://drive.google.com/file/d/1cD8L8BRlN-GBC08fd0beUAtWKAfUmBmx/view?usp=sharing
2023,2290//PL16/KS.BIV/2023,5 Mei 2023,3 Mei 2028,INDONESIA,SMK NEGERI 1 SEKADAU,https://drive.google.com/file/d/1c03h9H06_FY5vo9XBcWF-TEWs83dYzad/view?usp=sharing
2023,301/PL16/KS.BIV/2023,10 Mei 2023,8 Mei 2028,INDONESIA,LSP GEOSPASIAL,https://drive.google.com/file/d/1bz4hsl0mxCr0THRrxZB3ekFtN5DRRVs9/view?usp=sharing
2023,306/PL16/KS.BIV/2023,15 Mei 2023,14 Mei 2024,INDONESIA,POLITEKNIK NEGERI SAMBAS,https://drive.google.com/file/d/1byu_JD0frQImb5kwtqg3rSOISuI12Yxu/view?usp=sharing
2023,311/PL16/KS.BIV/2023,17 Mei 2023,15 Mei 2028,INDONESIA,SMK NEGERI 1 SUNGAI KUNYIT,https://drive.google.com/file/d/1bxRUP6YovJyqWSPTqRAUuIJFslb_KTlw/view?usp=sharing
2023,335/PL16/KS.BIV/2023,17 Juni 2023,23 Februari 2024,INDONESIA,DIREKTORAT PEMBELAJARAN DAN KEMAHASISWAAN,https://drive.google.com/file/d/1bw1dmtrq6uk3RTdbf8S8nQU1qgzWxt6Z/view?usp=sharing
2023,356/PL16/KS.BIV/2023,10 Juli 2023,7 Oktober 2025,INDONESIA,PT. BANK MANDIRI (PERSERO) TBK,https://drive.google.com/file/d/1b3mnf1TnXZrNEmw4H22nYkqBOmJCATFV/view?usp=sharing
2023,357/PL16/KS.BIV/2023,25 Agustus 2023,24 Agustus 2025,INDONESIA,PT. BANK TABUNGAN NEGARA (PERSERO) TBK,https://drive.google.com/file/d/1b3fvGqd02RaBD3kdJc2DN98m1H0dOLnY/view?usp=sharing
2023,361/PL16/KS.BIV/2023,10 Juli 2023,9 Juli 2026,INDONESIA,PEMERINTAH KOTA PONTIANAK,https://drive.google.com/file/d/1c9NpiKEVWArHD1r5cNxPbomFdzc4iDR4/view?usp=sharing
2023,385/PL16/KS.BIV/2023,1 Agustus 2023,30 Juli 2028,INDONESIA,PEMERINTAH KABUPATEN KUBU RAYA,https://drive.google.com/file/d/1c8J7Ywy1qMEgyc2XFWP7n0jDcRY0-AMD/view?usp=sharing
2023,397/PL16/KS.BIV/2023,27 Juli 2023,25 Juli 2028,INDONESIA,SMK NEGERI 1 NGABANG,https://drive.google.com/file/d/1bvz-owSmjc1fpCudGP7cz2bYtneEVEBd/view?usp=sharing
2023,455/PL16/KS.BIV/2023,25 Agustus 2023,24 Agustus 2026,INDONESIA,DEUTSCHE GESELLSCHAFT FUR INTERNATIONALE ZUSAMMENARBEIT,https://drive.google.com/file/d/1bQTrAwCpNvwTfjb3llDhUFWKSmKRBYCi/view?usp=sharing
2023,473/PL16/KS.BIV/2023,4 September 2023,2 September 2028,INDONESIA,PT. PERGO JAYA GEMILANG,https://drive.google.com/file/d/1bPoy8pDPvGT0xMG1stSvfTMPwIt3aH24/view?usp=sharing
2023,498/PL16/KS.BIV/2023,14 Agustus 2023,12 Agustus 2028,INDONESIA,UNIVERSITAS STIKUBANK,https://drive.google.com/file/d/1btkBUUxVG92xhYGl4MtWlu5jHRJbBHks/view?usp=sharing
2023,497/PL16/KS.BIV/2023,14 September 2023,12 September 2028,INDONESIA,UNIVERSITAS STIKUBANK,https://drive.google.com/file/d/1bv3dQ5Ej9GOFTgTys3yuWOviRZP6FnYR/view?usp=sharing
2023,581/PL16/KS.BIV/2023,24 Oktober 2023,22 Oktober 2028,INDONESIA,PT. KIMKEN ALOE VERA,https://drive.google.com/file/d/1bMq1zvAuTTUzb1zljGkF73abh67SnQxl/view?usp=sharing
2023,582/PL16/KS.BIV/2023,24 Oktober 2023,22 Oktober 2028,INDONESIA,CV. DUA PUTRI KEMBAR,https://drive.google.com/file/d/1bMJfynZVSxm2byalj7dYsXPpiPDQbJQp/view?usp=sharing
2023,583/PL16/KS.BIV/2023,24 Oktober 2023,22 Oktober 2028,INDONESIA,HD FARM,https://drive.google.com/file/d/1bL22WYuJ4GhOeJTrJ-i_FjKfO2acGfdd/view?usp=sharing
2023,584/PL16/KS.BIV/2023,24 Oktober 2023,22 Oktober 2028,INDONESIA,PT. SARANA KARYA DUA SATU,https://drive.google.com/file/d/1bHsnAwRhTclIeJGM0xvQBna7FbrZvF7m/view?usp=sharing
2023,585/PL16/KS.BIV/2023,24 Oktober 2023,22 Oktober 2028,INDONESIA,PT. SINTANG RAYA,https://drive.google.com/file/d/1bGw5nA6XUGlW1gcUUPWkqmkMBoyu9NeH/view?usp=sharing
2023,586/PL16/KS.BIV/2023,24 Oktober 2023,22 Oktober 2028,INDONESIA,ASOSIASI PETANI SAWIT NUSANTARA,https://drive.google.com/file/d/1bZ_Y4J52QMBybufSuz9tL7ejxItMBANC/view?usp=sharing
2023,587/PL16/KS.BIV/2023,24 Oktober 2023,22 Oktober 2028,INDONESIA,KONSORSIUM MITRA BAHARI,https://drive.google.com/file/d/1bYWRieIdohFhdyv0_YWkPdiJil_LQniJ/view?usp=sharing
2023,588/PL16/KS.BIV/2023,24 Oktober 2023,22 Oktober 2028,INDONESIA,DPD HIMPUNAN NELAYAN SELURUH INDONESIA,https://drive.google.com/file/d/1bXGbXvq0p8FL_ipS7mYmvCZPbxgyHZP2/view?usp=sharing
2023,589/001/SON-PON/X/2023,24 Oktober 2023,22 Oktober 2028,INDONESIA,PT. RADIO BORNERA PONTIANAK,https://drive.google.com/file/d/1bGSjcBX0KYvxbGY0XoevVO6KtTIrlXbA/view?usp=sharing
2023,590/PL16/KS.BIV/2023,24 Oktober 2023,22 Oktober 2028,INDONESIA,PT. KAPUAS MEDIA GRAFIKA,https://drive.google.com/file/d/1bGJ8AJ4B3Uv-BmEOxuLzDWphpwNwyJjZ/view?usp=sharing
2023,455/PL16/KS.BIV/2023 (ver.2),24 Oktober 2023,22 Oktober 2028,INDONESIA,PT. JAPINDO NABATI NUSANTARA,https://drive.google.com/file/d/1bEoe2Api7sU_HQWH0gg0PCD-FNL_ZAt_/view?usp=sharing
2023,455/PL16/KS.BIV/2023 (ver.2),24 Oktober 2023,22 Oktober 2028,INDONESIA,PT. BERKAH NABATI NUSANTARA,https://drive.google.com/file/d/1bEoe2Api7sU_HQWH0gg0PCD-FNL_ZAt_/view?usp=sharing
2023,592/PL16/KS.BIV/2023,24 Oktober 2023,22 Oktober 2028,INDONESIA,KELOMPOK TANI BOER ANAM,https://drive.google.com/file/d/1bESysLXYoc18VJhPXBN-rFLF53DEbFpG/view?usp=sharing
2023,593/PL16/KS.BIV/2023,24 Oktober 2023,22 Oktober 2028,INDONESIA,ARCIA,https://drive.google.com/file/d/1bE2jX2wOiC4X9MAbPrDduj--18bbG9UR/view?usp=sharing
2023,594/PL16/KS.BIV/2023,24 Oktober 2023,22 Oktober 2028,INDONESIA,LIAWARA,https://drive.google.com/file/d/1bDomFUdJwBWPnp77fQQpeyodUUusEf-S/view?usp=sharing
2023,595/PL16/KS.BIV/2023,24 Oktober 2023,22 Oktober 2028,INDONESIA,PONTIANAK POST,https://drive.google.com/file/d/1bdVp4dOA3W4e6uqFfJtei1QLRWlpBAyC/view?usp=sharing
2023,646/PL16/KS.BIV/2023,23 November 2023,22 November 2025,INDONESIA,IKATAN CENDEKIAWAN MUDA AKUNTANSI,https://drive.google.com/file/d/1bX94VO-YO4hb5ShKl_CrbtrXKrovG_vX/view?usp=sharing
2023,648/PL16/KS.BIV/2023,23 November 2023,21 November 2028,INDONESIA,PT. QAPUAS MEDIA TECHNOLOGIES,https://drive.google.com/file/d/1bcnnZH1Co_ZsQY1FKatXtHnUBL7pYMrz/view?usp=sharing
2023,649/PL16/KS.BIV/2023,24 November 2023,22 November 2028,INDONESIA,CV. RAJAWALI PRATAMA NETWORK,https://drive.google.com/file/d/1baGTTyTQa9dUQjNn0ZE6iWFsjlWnid2R/view?usp=sharing
2023,658/PL16/KS.BIV/2023,27 November 2023,25 November 2028,INDONESIA,CV. RAJAWALI PRATAMA NETWORK,https://drive.google.com/file/d/1btgRYgJii_gzftxbnj_ukBJ0kBNF-iJZ/view?usp=sharing
2023,663/PL16/KS.BIV/2023,11 Desember 2023,9 Desember 2028,INDONESIA,CV. IDEKITE INDONESIA,https://drive.google.com/file/d/1bswMS_D8qz_m6U9AynOGXGGyvtIn5e7g/view?usp=sharing
2023,695/PL16/KS.BIV/2023,27 November 2023,26 November 2025,INDONESIA,PT. BANK NEGARA INDONESIA (PERSERO) TBK.,https://drive.google.com/file/d/1b3e7LjmDe0m3rYtpd-cVquBBgZhWjXz0/view?usp=sharing
2023,695/PL16/KS.BIV/2023 (Ver.2),13 Desember 2023,11 Desember 2028,INDONESIA,PT. SPID LAB TEKNOLOGI,https://drive.google.com/file/d/1b_SaD98JJbHLpVb6l4MEZbMb4UzBxnu4/view?usp=sharing
2023,696/PL16/KS.BIV/2023,13 Desember 2023,11 Desember 2028,INDONESIA,PT. SPID LAB TEKNOLOGI,https://drive.google.com/file/d/1bsn-F5koLKWmYbqWWSWB8ZRd3w_JJpAb/view?usp=sharing
2021,972/PL16/KS.BIV/2021,21 Desember 2021,20 Desember 2026,INDONESIA,SMK NEGERI 7 PONTIANAK,https://drive.google.com/file/d/1cGzgsoTK5pdrpnBxNlgRC9pvXV0ZXVxm/view?usp=drive_link
2024,1553/PL16/KS/2024,20 Februari 2024,19 Februari 2026,INDONESIA,KEJAKSAAN TINGGI KALIMANTAN BARAT,https://drive.google.com/file/d/1c0uFstE2uMM2S3l-d1IsEQFtBpWhO-dV/view?usp=sharing
2023,4065/PL16/KS.BIV/2023,6 Juli 2023,4 Juli 2028,INDONESIA,PT. AKCAYA BEO INTERNASIONAL,https://drive.google.com/file/d/1b0b0n-PLTJG3m_VU9d2AmzESF6Bh3Zar/view?usp=sharing
2023,4065/PL16/KS.BIV/2023,6 Juli 2023,4 Juli 2028,JAPAN,RISE NEO COOPERATIVE,https://drive.google.com/file/d/1b0b0n-PLTJG3m_VU9d2AmzESF6Bh3Zar/view?usp=sharing
2023,4066/PL16/KS.BIV/2023,6 Juli 2023,4 Juli 2028,INDONESIA,PT. AKCAYA BEO INTERNASIONAL,https://drive.google.com/file/d/1bRwbbzcyplvY4GcGtaDMOndEZvm-EYyo/view?usp=sharing
2023,4066/PL16/KS.BIV/2023,6 Juli 2023,4 Juli 2028,JAPAN,RISE NEO COOPERATIVE,https://drive.google.com/file/d/1bRwbbzcyplvY4GcGtaDMOndEZvm-EYyo/view?usp=sharing
2024,0729/PL16/KS/2024,17 Januari 2024,12 November 2024,INDONESIA,PT ARAH TEKNOLOGI INDONESIA,https://drive.google.com/file/d/1Z3RgZxR_FGlMa8RJF6PrYrGmXWLigCJx/view?usp=sharing
2024,0818/PL16/KS/2024,18 Januari 2024,2 September 2024,INDONESIA,DIREKTORAT PEMBELAJARAN DAN KEMAHASISWAAN,https://drive.google.com/file/d/1Z2bL3Bn21Ces7olSmOZVngm6v4kkGg6O/view?usp=sharing
2024,0900/PL16/KS/2024,22 Januari 2024,20 Januari 2029,INDONESIA,IKATAN ARSITEK INDONESIA DAERAH KALBAR,https://drive.google.com/file/d/1Z1oOIXyNR0L0OxiGovDLUH8G0g9tY_iw/view?usp=drive_link
2024,0983/PL16/KS/2024,24 Januari 2024,22 Januari 2029,INDONESIA,ASOSIASI PETANI KELAPA SAWIT PERUSAHAAN INTI RAKYAT (ASPEKPIR),https://drive.google.com/file/d/1ZNGvUQe2X8hUmbrfXOkPPvOyc4LBrywi/view?usp=sharing
2024,1055/PL16/KS/2024,29 Januari 2024,27 Januari 2029,INDONESIA,SMK NEGERI 1 PALOH,https://drive.google.com/file/d/1ZLRT61x4UUiF3JB54kpfh5LJH9Bgx6bM/view?usp=sharing
2024,1489/PL16/KS/2024,16 Februari 2024,-,INDONESIA,PEMERINTAH KABUPATEN SANGGAU,https://drive.google.com/file/d/1ZFRYNm4OSGCRJf2QhS_FOTznBma_hQAo/view?usp=sharing
2024,2546/PL16/KS/2024,18 Maret 2024,17 Maret 2029,INDONESIA,SMK CITRA BORNEO,https://drive.google.com/file/d/1ZUb8Y-xb_IPbls36cp846Dx9J0F8Rnhu/view?usp=sharing
2024,2567/PL16/KS/2024,18 Maret 2024,17 Maret 2029,INDONESIA,SMK NEGERI 1 SEKADAU,https://drive.google.com/file/d/1ZSV0JRBDdx7cev38D5Oo5H5DlnDbUL9j/view?usp=sharing
2024,2703/PL16/KS/2024,21 Maret 2024,20 Maret 2029,INDONESIA,UNIVERSITAS SAINS DAN TEKNOLOGI KOMPUTER (STEKOM),https://drive.google.com/file/d/1ZQGZx0IulQFdrBoRbCW-9cbnislaN3qb/view?usp=sharing
2024,2704/PL16/KS/2024,21 Maret 2024,20 Maret 2029,INDONESIA,UNIVERSITAS SAINS DAN TEKNOLOGI KOMPUTER (STEKOM),https://drive.google.com/file/d/1ZPsjPLyR7tqVVz505IBeiLdagRHEGwsO/view?usp=sharing
2024,3079/PL16/KS/2024,5 April 2024,4 April 2029,INDONESIA,PT. KAWAN LAMA,https://drive.google.com/file/d/1ZPagi7rHCLFfNNZjmUpETYQHyWDoyLPS/view?usp=sharing
2024,3584/PL16/KS/2024,3 Mei 2024,3 Mei 2025,INDONESIA,POLITEKNIK NEGERI SAMBAS,https://drive.google.com/file/d/1ZPEQFDWY2NpnQyaTG228o4DMUvbFnLkY/view?usp=sharing
2024,4504/PL16/KS/2024,3 Juni 2024,2 Juni 2029,INDONESIA,CV. MUDA BERKARYA TEKNOLOGI,https://drive.google.com/file/d/1ZOPoHxYeDfAfur5-tVd6Nxi0Xo7rFiFZ/view?usp=sharing
2024,4852/PL16/KS/2024,12 Juni 2024,-,INDONESIA,KANTOR PERTANAHAN KABUPATEN MEMPAWAH,https://drive.google.com/file/d/1ZO-PpmMRKW3JUKl9DhmtUDvd1jzveRv4/view?usp=sharing
2024,4934/PL16/KS/2024,14 Juni 2024,-,INDONESIA,SMK AL MADANI PONTIANAK,https://drive.google.com/file/d/1ZNwP4wcoovSfEL6g1xMQetg9JUCBQcqt/view?usp=sharing
2024,5274/PL16/KS/2024,26 Juni 2024,26 Juni 2025,INDONESIA,BADAN PENGAWAS PEMILIHAN UMUM KABUPATEN SANGGAU,https://drive.google.com/file/d/1ZXdbaekpRH3sMOJEe7V5dV6CNSC4M1c4/view?usp=sharing
2023,5352/PL16/KS/2023,28 Agustus 2023,24 Februari 2024,INDONESIA,POLITEKNIK NEGERI MALANG,https://drive.google.com/file/d/1ZXDyxsSfi6lnSrwPJJuG9iOyQMLBxoRH/view?usp=sharing
2023,5449/PL16/2023,28 Agustus 2023,24 Februari 2024,INDONESIA,POLITEKNIK NEGERI MALANG,https://drive.google.com/file/d/1ZWXoWhZ_m_bhKvX9brN2jSxP9xoV_YiU/view?usp=sharing
2024,6021/PL16/KS/2024,9 Juli 2024,31 Desember 2024,INDONESIA,KELURAHAN BERINGIN,https://drive.google.com/file/d/1ZVb-9ol1NPT6VpqDQUF63IA6_9DHlkK6/view?usp=sharing
2024,8615/PL16/KS.00.00/2024,12 Agustus 2024,31 Desember 2024,INDONESIA,POKDARWIS KALENGKANG TAMBELANSAMPIT,https://drive.google.com/file/d/175ts04C_RWaTSEC8UKti9QSvjSPQR6QY/view?usp=sharing
2024,8616/PL16/KS.00.00/2024,12 Agustus 2024,31 Desember 2024,INDONESIA,POKDARWIS KALENGKANG TAMBELANSAMPIT,https://drive.google.com/file/d/1zp-NXEJPljwntOkfkTyG-ScHiWAr6usJ/view?usp=sharing
2024,8787/PL16/KS/2024,15 Agustus 2024,14 Agustus 2029,INDONESIA,PT. GLODON TECHNICAL INDONESIA,https://drive.google.com/file/d/1ZVXqXnq6jiRnUygIERi7-Mx1MuwrIY6e/view?usp=sharing
2024,8883/PL16/KS/2024,19 Agustus 2024,19 Agustus 2027,INDONESIA,PT. PUSAT KOMPETENSI DAN TEKNOLOGI INDONESIA (PKTI),https://drive.google.com/file/d/1ZVH1jHgYWJAg5lgkmW5FZZwJMOdlSzGS/view?usp=sharing
2024,9018/PL16/KS/2024,22 Agustus 2024,21 Agustus 2029,INDONESIA,PEMERINTAH KABUPATEN SAMBAS,https://drive.google.com/file/d/1ZY4Ae6A8wJcKOyQdFJxzEwh2Iwt8_h6E/view?usp=sharing
2024,11825/PL16/KS.00.00/2024,11 Oktober 2024,11 Oktober 2027,INDONESIA,PT. DORA BISNIS KONSULTINDO,https://drive.google.com/file/d/1y2kyovs2xgSwkZU-rNBGh_Unr8hqvxoX/view?usp=sharing
2024,12185/PL16/KS.00.00/2024,17 Oktober 2024,16 Oktober 2029,INDONESIA,PT. BANK TABUNGAN NEGARA (PERSERO) TBK KANTOR CABANG SYARIAH PONTIANAK,https://drive.google.com/file/d/1ZK9EC8LOQ-ZBJyQfnt1AnSXO7FudgTqJ/view?usp=sharing
2024,12205/PL16/KS.00.00/2024,17 Oktober 2024,16 Oktober 2029,INDONESIA,LKP SMART STATION,https://drive.google.com/file/d/1ZK5_g6fcUUgWhHUbNY2DHA-U0YPIG8Av/view?usp=sharing
2024,12206/PL16/KS.00.00/2024,17 Oktober 2024,16 Oktober 2029,INDONESIA,LKP BRILLIANT EDUCATION CENTRE,https://drive.google.com/file/d/1ZJ6P28iQ64_LIZQgRr_tLsd2b7mJYbSE/view?usp=sharing
2024,12207/PL16/KS.00.00/2024,17 Oktober 2024,16 Oktober 2029,INDONESIA,YALE COMMUNICATION,https://drive.google.com/file/d/1ZH6bkHwZW-MGT7XL9y0oxcv9HbbVRzWx/view?usp=sharing
2024,12208/PL16/KS.00/2024,17 Oktober 2024,16 Oktober 2029,INDONESIA,YAYASAN LEMBAGA PENDIDIKAN PROKINDO,https://drive.google.com/file/d/1ZGQ_m133blZYK0apYXc66hLiYXn_MSxe/view?usp=sharing
2024,6012/PL16/KS/2024,11 Juli 2024,11 Juli 2027,INDONESIA,PT. ARISTA JAYA LESTARI (WULING MOTORS),https://drive.google.com/file/d/17Y7MNiMu3qciRSgXuBR6p1IrvNvujE7Q/view?usp=sharing
2024,6012/PL16/KS/2024,11 Juli 2024,11 Juli 2027,INDONESIA,SMK NEGERI 2 PONTIANAK,https://drive.google.com/file/d/17Y7MNiMu3qciRSgXuBR6p1IrvNvujE7Q/view?usp=sharing
2024,6013/PL16/KS/2024,11 Juli 2024,11 Juli 2027,INDONESIA,PT. ARISTA JAYA LESTARI (WULING MOTORS),https://drive.google.com/file/d/198eAhrumupcnYA6BzsKuQNHNqZriSvDx/view?usp=sharing
2024,6013/PL16/KS/2024,11 Juli 2024,11 Juli 2027,INDONESIA,SMK NEGERI 4 PONTIANAK,https://drive.google.com/file/d/198eAhrumupcnYA6BzsKuQNHNqZriSvDx/view?usp=sharing
2024,6014/PL16/KS/2024,11 Juli 2024,11 Juli 2027,INDONESIA,PT. TIGA DARE BORNEO,https://drive.google.com/file/d/16aoWY04TlCZ4KztC115LpDBbx_gw5Ywo/view?usp=sharing
2024,6014/PL16/KS/2024,11 Juli 2024,11 Juli 2027,INDONESIA,SMK NEGERI 1 SUNGAI RAYA,https://drive.google.com/file/d/16aoWY04TlCZ4KztC115LpDBbx_gw5Ywo/view?usp=sharing
2024,6015/PL16/KS/2024,11 Juli 2024,11 Juli 2027,INDONESIA,DPD ASOSIASI MASYARAKAT SADAR WISATA KALIMANTAN BARAT,https://drive.google.com/file/d/18wBBIxDQthPdNyOyqP25dpVj6fgk1HdU/view?usp=sharing
2024,6015/PL16/KS/2024,11 Juli 2024,11 Juli 2027,INDONESIA,SMK NEGERI 5 PONTIANAK,https://drive.google.com/file/d/18wBBIxDQthPdNyOyqP25dpVj6fgk1HdU/view?usp=sharing
2024,6016/PL16/KS/2024,11 Juli 2024,11 Juli 2027,INDONESIA,PT. DEKA CAHAYA GEMILANG,https://drive.google.com/file/d/16WjGl5XO7so1Eym-EiRup4hhhwPNmy8j/view?usp=sharing
2024,6016/PL16/KS/2024,11 Juli 2024,11 Juli 2027,INDONESIA,SMK NEGERI 4 PONTIANAK,https://drive.google.com/file/d/16WjGl5XO7so1Eym-EiRup4hhhwPNmy8j/view?usp=sharing
2024,6017/PL16/KS/2024,11 Juli 2024,11 Juli 2027,INDONESIA,KAMPUNG WISATA TENUN KHATULISTIWA,https://drive.google.com/file/d/18ypfMUYpgNPQtQuS94pQ8vnulf25L5es/view?usp=sharing
2024,6017/PL16/KS/2024,11 Juli 2024,11 Juli 2027,INDONESIA,SMK NEGERI 6 PONTIANAK,https://drive.google.com/file/d/18ypfMUYpgNPQtQuS94pQ8vnulf25L5es/view?usp=sharing
2024,6018/PL16/KS/2024,11 Juli 2024,11 Juli 2027,INDONESIA,PT. QIOSPRINT DAYA GRAFIKA,https://drive.google.com/file/d/18zrWY5MvcStsHF2xCFTYUgFeMTGZHT8P/view?usp=sharing
2024,6018/PL16/KS/2024,11 Juli 2024,11 Juli 2027,INDONESIA,SMK NEGERI 1 MEMPAWAH HILIR,https://drive.google.com/file/d/18zrWY5MvcStsHF2xCFTYUgFeMTGZHT8P/view?usp=sharing
2024,6019/PL16/KS/2024,11 Juli 2024,10 Juli 2029,INDONESIA,PT. PATIWARE,https://drive.google.com/file/d/16bs6fm4DDP2A1vKy-O5Q1rNE9fVX0Au7/view?usp=sharing
2024,6020/PL16/KS/2024,11 Juli 2024,10 Juli 2029,INDONESIA,PT. FAMOES PRATAMA,https://drive.google.com/file/d/16p3U3gOvgsLMHnKCADkO2_B5PTqe3kAU/view?usp=sharing
2021,435/PL16/KS.BIV/2021,12 Juli 2021,11 Juli 2026,INDONESIA,PEMERINTAH KABUPATEN SUKAMARA,https://drive.google.com/file/d/1_-PNAibaPx08OqIUF0KQPz4i-80FSR_t/view?usp=drive_link
2022,017/PL16/KS.BIV/2022,21 April 2022,20 April 2027,INDONESIA,KANTOR WILAYAH KEMENTERIAN HUKUM DAN HAK ASASI MANUSIA KALIMANTAN BARAT,https://drive.google.com/file/d/1SjwhEmdSOVCJKzN101GbPXgd8a5hhDun/view?usp=drive_link
2022,120/PL16/KS.BIV/2022,25 Februari 2022,25 Februari 2024,INDONESIA,PEMERINTAH DESA PULAU LEMUKUTAN,https://drive.google.com/file/d/1UdwgX1YmMGd3tJGsPYG1uWq7ZVDgGAH9/view?usp=sharing
2022,360/PL16/KS.BIV/2022,16 Juni 2022,15 Juni 2027,INDONESIA,PT SUCOFINDO (PERSERO),https://drive.google.com/file/d/1SkcprOOju13hsMkQ1ERR_kBR03b6aXHY/view?usp=sharing
2023,-,14 September 2023,11 April 2024,INDONESIA,BALAI PENGELOLA TRANSPORTASI DARAT (BPTD) WILAYAH XIV PROVINSI KALIMANTAN BARAT,https://drive.google.com/file/d/1UPk0YmiPEQX-X3p_w4gbhzHcSh8HslGH/view?usp=sharing
2023,-,16 Oktober 2023,15 November 2023,INDONESIA,DINAS PERHUBUNGAN KABUPATEN KETAPANG,https://drive.google.com/file/d/1UOLRm6M_W-vYyKS-UPL4zrLe3y_oeFCa/view?usp=sharing
2023,-,16 Oktober 2023,15 November 2023,INDONESIA,DINAS PERHUBUNGAN KABUPATEN KETAPANG,https://drive.google.com/file/d/1UObPY4QPQvp33BYCKt6aer5ap4K-d3gn/view?usp=sharing
2023,-,13 Desember 2023,11 Desember 2028,TAIWAN,"CHENG SHIU UNIVERSITY (CSU), TAIWAN",https://drive.google.com/file/d/1T2hzRHXN58ZrYDu4dQEP_CYEzlBi1ceD/view?usp=sharing
2023,-,13 Desember 2023,11 Desember 2028,TAIWAN,HSING WU UNIVERSITY,https://drive.google.com/file/d/1T2hzRHXN58ZrYDu4dQEP_CYEzlBi1ceD/view?usp=sharing
2023,-,13 Desember 2023,11 Desember 2028,TAIWAN,CHAOYANG UNIVERSITY OF TECHNOLOGY,https://drive.google.com/file/d/1T2hzRHXN58ZrYDu4dQEP_CYEzlBi1ceD/view?usp=sharing
2023,-,27 Oktober 2023,25 Oktober 2028,FINLAND,KAMK UNIVERSITY,https://drive.google.com/file/d/1V5PCcZquwo48Hh5nUp0vbQYj5jFc42KU/view?usp=sharing
2023,-,12 Juli 2023,11 Juli 2026,MALAYSIA,POLITEKNIK MUKAH SARAWAK (PMU),https://drive.google.com/file/d/1TT4UfXrxAm8PSLFkqiKUKopGX7Zor5n_/view?usp=sharing
2023,-,12 Januari 2023,11 Januari 2028,FRANCE,UNIVERSITE DE LILLE,https://drive.google.com/file/d/1ShVu6v-Cl_Gn8PlyEypPVRFUxzrlvZgp/view?usp=sharing
2023,002/PL16/KS.BIV/2023,2 Januari 2023,2 Januari 2024,INDONESIA,KANTIN WAHYU,https://drive.google.com/file/d/1pNXR8Y6Ku9e8C1VZnK-ooOfKpkmypolp/view?usp=sharing
2023,051/PL16/KS.BIV/2023,24 Januari 2023,23 Januari 2026,INDONESIA,YAYASAN HUNIAN RAKYAT CARITRA YOGYA,https://drive.google.com/file/d/1UiMdmWrDryrd421iJAOrtxPN-4Mo-juV/view?usp=sharing
2023,420/PL16/KS.BIV/2023,9 Agustus 2023,31 Desember 2023,INDONESIA,KANTIN EMAK,https://drive.google.com/file/d/1UUSC90u1jNf7MiRNfUdRe1HNPxMaw9oL/view?usp=sharing
2023,421/PL16/KS.BIV/2023,9 Agustus 2023,31 Desember 2023,INDONESIA,KANTIN ICHA,https://drive.google.com/file/d/1UUBoKFce-XN1C8cSR2ImTsIW1bJaqqe8/view?usp=sharing
2023,423/PL16/KS.BIV/2023,9 Agustus 2023,9 Juli 2024,INDONESIA,KANTIN HAJAR,https://drive.google.com/file/d/1UW2p8DjSn1mwxbNLCwMX4YrcXcQ5IR8R/view?usp=sharing
2023,425/PL16/KS.BIV/2023,9 Agustus 2023,9 Juli 2024,INDONESIA,KANTIN LUKAS WIBOWO SASONGKO,https://drive.google.com/file/d/1UWiprmiOzMhWTpteVrTn6VW47zhzhvhb/view?usp=sharing
2023,424/PL16/KS.BIV/2023,9 Agustus 2023,9 Juli 2024,INDONESIA,KANTIN HAJAR,https://drive.google.com/file/d/1UVkyth4DhAVMBwVx-SvStkin7Xz3YDy4/view?usp=drive_link
2023,565/PL16/KS.BIV/2023,17 Oktober 2023,16 Oktober 2026,INDONESIA,DINAS PEKERJAAN UMUM DAN PENATAAN RUANG KOTA PONTIANAK,https://drive.google.com/file/d/1X32udTwf2OHx4M8_OkKZBpPJ9zFrcqE-/view?usp=sharing
2023,580/PL16/KS.BIV/2023,24 Oktober 2023,22 Oktober 2028,INDONESIA,PT. MITRA ALAM SARANA SEJAHTERA (MASSLAND),https://drive.google.com/file/d/1TsfXoPjbgec2V8OHgFbP0dnyd67FMC7O/view?usp=sharing
2023,5304/PL16/KS/2023,18 Agustus 2023,17 Agustus 2024,INDONESIA,DIREKTORAT JENDERAL PENDIDIKAN VOKASI,https://drive.google.com/file/d/1m1njbx8yWPkaAZp701HYHyk33Ig9V3oM/view?usp=sharing
2024,-,1 Juli 2024,29 September 2024,INDONESIA,DINAS PEKERJAAN UMUM DAN PENATAAN RUANG KOTA PONTIANAK,https://drive.google.com/file/d/1mNLPzx8wPz5URA7nf2p5eNKZckY_HRim/view?usp=sharing
2023,-,14 Agustus 2023,-,INDONESIA,DINAS PEKERJAAN UMUM DAN PENATAAN RUANG KOTA PONTIANAK,https://drive.google.com/file/d/1mOiAjTH3UTfsDVdZ_28Qtq0cmka2KyjR/view?usp=sharing
2021,-,1 Januari 2021,31 Desember 2026,NORWAY,NORWEGIAN UNIVERSITY OF SCIENCE AND TECHNOLOGY,https://drive.google.com/file/d/1m4y1Rri1cwEbvtIqp1LuI-cu4eT64EH3/view?usp=sharing
2021,-,1 Januari 2021,31 Desember 2026,INDONESIA,FAKULTAS ILMU SOSIAL DAN ILMU POLITIK UNIVERSITAS GADJAH MADA,https://drive.google.com/file/d/1m4y1Rri1cwEbvtIqp1LuI-cu4eT64EH3/view?usp=sharing
2021,-,1 Januari 2021,31 Desember 2026,INDONESIA,FAKULTAS ILMU SOSIAL DAN ILMU POLITIK UNIVERSITAS NUSA CENDANA,https://drive.google.com/file/d/1m4y1Rri1cwEbvtIqp1LuI-cu4eT64EH3/view?usp=sharing
2021,-,1 Januari 2021,31 Desember 2026,INDONESIA,FAKULTAS ILMU SOSIAL DAN ILMU POLITIK UNIVERSITAS BANGKA BELITUNG,https://drive.google.com/file/d/1m4y1Rri1cwEbvtIqp1LuI-cu4eT64EH3/view?usp=sharing
2024,3130/PL16/DT.06.01/2024,16 April 2024,31 Desember 2024,INDONESIA,YAYASAN MENEBAR CAHAYA ILMU,https://drive.google.com/file/d/1mH7oxI4qQiMJgXOswuRJf_aqBtSUKgW3/view?usp=sharing
2024,6986/PL16/KS/2024,29 Juli 2024,29 Juli 2025,INDONESIA,BADAN PERENCANAAN PEMBANGUNAN DAERAH (BAPPEDA) KABUPATEN SANGGAU,https://drive.google.com/file/d/1m7oNX6-3L8q_3UcoEUQN8KCXKqmxMqMF/view?usp=sharing
2024,7005/PL16/DT.06.00/2024,29 Juli 2024,31 Desember 2024,MALAYSIA,MASJID DARUL IKHLAS KAMPUNG SINDANG,https://drive.google.com/file/d/1mFrpLcUTZ6OnlEdmfdqF_1lb-3do0ON1/view?usp=sharing
2024,7006/PL16/DT.06.00/2024,29 Juli 2024,31 Desember 2024,MALAYSIA,MASJID DARUL IKHLAS KAMPUNG SINDANG,https://drive.google.com/file/d/1mB90FZafGquQGDJIQlmsJ0DuzG4-OpMG/view?usp=sharing
2024,8280/PL16/KS/2024,5 Agustus 2024,31 Desember 2024,INDONESIA,KELURAHAN BUNUT,https://drive.google.com/file/d/1mPK4xO2wOYjUvb7MGACPkyBsMZscYvpw/view?usp=sharing
2024,8836/PL16/KS/2024,16 Agustus 2024,31 Desember 2024,INDONESIA,CV. ANUGERAH PUTRA BIMASKA,https://drive.google.com/file/d/1mMvdP1H0myGK4YFdsdb6lHo8NDhVyuZN/view?usp=sharing
2024,10381/PL16/KS.00.00/2024,18 September 2024,31 Desember 2024,INDONESIA,SMA NEGERI 2 PONTIANAK,https://drive.google.com/file/d/1mL26q-1e2gFTNDvRkEBBWsg6jr8a2Al5/view?usp=sharing
2024,2590/PL16/KS/2024,16 Maret 2024,24 Maret 2024,INDONESIA,LEMBAGA PENYIARAN PUBLIK RADIO REPUBLIK INDONESIA (RRI) PONTIANAK,https://drive.google.com/file/d/1mRcl6iTWx-IDoHOaZ08q4rjdJmMGNX7y/view?usp=sharing
2023,662/PL16/KS.BIV/2023,27 November 2023,25 November 2028,INDONESIA,PT. QAPUAS MEDIA TECHNOLOGIES,https://drive.google.com/file/d/1mY4nrKfP4Mbt1pZVR09iH588f7qK7f2_/view?usp=sharing
2024,2264/PL16/KS/2024,7 Maret 2024,7 Maret 2025,INDONESIA,PT. YOGYA PRESISI TEHNIKATAMA INDUSTRI,https://drive.google.com/file/d/1mYABUF40K--EY4RPBzL3iWr27qznSwC_/view?usp=sharing
2024,3340/PL16/KS/2024,30 April 2024,-,INDONESIA,PROGDI S1 BISNIS FAKULTAS STUDI AKADEMIK UNIVERSITAS SAINS DAN TEKNOLOGI KOMPUTER (STEKOM),https://drive.google.com/file/d/1mTqhALXGTkK547P5155gnMZY1frrQDEH/view?usp=sharing
2024,3356/PL16/KS/2024,24 April 2024,31 Desember 2027,INDONESIA,BADAN PENGEMBANGAN SUMBER DAYA MANUSIA KOMUNIKASI DAN INFORMATIKA,https://drive.google.com/file/d/1mVmM_fg2aeyKvyDVQ9OBaNLinUQdYjUl/view?usp=sharing
2024,4295/PL16/KS/2024,31 Mei 2024,-,INDONESIA,PROGDI S1 BISNIS FAKULTAS STUDI AKADEMIK UNIVERSITAS SAINS DAN TEKNOLOGI KOMPUTER (STEKOM),https://drive.google.com/file/d/1mWHjHQS4hijRMOlo6cpAvJuiF6_O3wNA/view?usp=sharing
2024,6022/PL16/KS/2024,11 Juli 2024,31 Desember 2024,INDONESIA,SMK NEGERI 1 SELAKAU TIMUR,https://drive.google.com/file/d/1mWvwidQKN9fbOX88wptXcFMC4BazX8LN/view?usp=sharing
2020,001/PL16/KS.BIV/2020,9 Januari 2020,7 Januari 2025,INDONESIA,PT ARAH TEKNOLOGI INDONESIA,https://drive.google.com/file/d/1m_R_6iaprZFrD05jkkli-zB4_QI3J8-C/view?usp=sharing
2024,9272/PL16/KS.00.00/2024,29 Agustus 2024,29 Agustus 2025,INDONESIA,POLITEKNIK AISYIYAH PONTIANAK,https://drive.google.com/file/d/1mcS_ngyyErJ_gDjANlN-iZbmXjbLFGxS/view?usp=sharing
2024,2348/PL16/KS/2024,8 Maret 2024,10 April 2024,INDONESIA,LEMBAGA PENYIARAN PUBLIK RADIO REPUBLIK INDONESIA (RRI) PONTIANAK,https://drive.google.com/file/d/1mcKjH0GR482h5eQhUuptP8BVjKGFZlGM/view?usp=sharing
2024,2115/PL16/KS/2024,18 Maret 2024,17 Maret 2027,INDONESIA,PT. SENTRA VIDYA UTAMA,https://drive.google.com/file/d/1mcvAfc-vdt1bX6WHjelVi_nri8xJtwjq/view?usp=sharing
2024,-,1 Juli 2024,29 September 2024,INDONESIA,DINAS PEKERJAAN UMUM DAN PENATAAN RUANG KOTA PONTIANAK,https://drive.google.com/file/d/19P1EpOqVBdsXcxaxxzkbTuGg_YreBnn2/view?usp=sharing
2024,0826/PL16/KS/2024,18 Januari 2024,15 Desember 2024,INDONESIA,DIREKTORAT AKADEMIK PENDIDIKAN TINGGI VOKASI,https://drive.google.com/file/d/1ESizFyz6Y_XiBHpWlHc025WbnzEV-sgk/view?usp=sharing
2024,005/PL16/KS/2024,2 Januari 2024,31 Desember 2024,INDONESIA,KANTIN ICHA,https://drive.google.com/file/d/1KyS3YmnoilvkHGy6JzoC9AxsleuoLMhq/view?usp=sharing
2024,5908/PL16/KS.00.00/2024,9 Juli 2024,9 Juli 2025,INDONESIA,KANTIN HAJAR,https://drive.google.com/file/d/17n52FSDK89JLWYUPtB4j7GOWxJ40AsvL/view?usp=sharing
2024,5909/PL16/KS.00.00/2024,9 Juli 2024,9 Juli 2025,INDONESIA,KANTIN HAJAR,https://drive.google.com/file/d/1kryyPRLaJrdYPEmotmDWCGJhzpOgNvIQ/view?usp=sharing
2023,10908/PL16/KS/2024,29 Desember 2023,31 Desember 2024,INDONESIA,KANTIN KUSTANTI,https://drive.google.com/file/d/1umd1OwUvtEE3wti74ocZHt73kYbVOyYR/view?usp=sharing
2024,5537/PL16/KS.00.00/2024,1 Juli 2024,-,INDONESIA,BADAN PENELITIAN DAN PENGEMBANGAN SUMBER DAYA MANUSIA KEMENTERIAN KOMUNIKASI DAN INFORMATIKA,https://drive.google.com/file/d/1fxCZ3oZ75ighP8745YdFKw6PI-7AF3SN/view?usp=sharing
2024,10907/PL16/KS.00.00/2023,1 Januari 2024,30 Juni 2024,INDONESIA,PT. BANK RAKYAT INDONESIA (PERSERO) TBK,https://drive.google.com/file/d/13BWQppcybj7wvf6PKijiIKLT-Fl9MoNZ/view?usp=sharing
2024,5400/PL16/KS.00.00/2024,28 Juni 2024,25 Desember 2024,INDONESIA,PT. BANK RAKYAT INDONESIA (PERSERO) TBK,https://drive.google.com/file/d/13Cnmd2x6VefsBhCcxCe-co7tFF5hspC6/view?usp=drive_link
2025,12888/PL16/KS.00.00/2024,1 Januari 2025,31 Desember 2026,INDONESIA,PT. BANK RAKYAT INDONESIA (PERSERO) TBK,https://drive.google.com/file/d/13DxZi1Ht9vDsENMs1CmgsBOQw8YP2URQ/view?usp=sharing
2024,-,27 Februari 2024,25 Februari 2029,INDONESIA,UNIVERSITI MALAYSIA SARAWAK (UNIMAS),https://drive.google.com/file/d/16aoxf06tQA_3xsC1nTHXgN4ppLqU0Rmt/view?usp=sharing
2025,0382/PL16/KS.11/2025,15 Januari 2025,14 Februari 2025,TAIWAN,INTERNATIONAL TALENT CIRCULATION BASE (TAIWAN-INDONESIA),https://drive.google.com/file/d/1CMhbRSizqFc5vuwdSjCgCjKpcxPtJ5UZ/view?usp=sharing
2024,5326/PL16/KS/2024,26 Juni 2024,31 Desember 2024,INDONESIA,KELOMPOK KARANG TARUNA BANGKIT,https://drive.google.com/file/d/1ADU8ADuNkhPrhkj2R1mX69pC1fu1nFQq/view?usp=sharing
2024,5338/PL16/KS/2024,26 Juni 2024,31 Desember 2024,INDONESIA,KELOMPOK PKK DESA SUNGAI RASAU,https://drive.google.com/file/d/1A_cmMrrPmSU_xgEbCC7uITt_YTyYSWgZ/view?usp=sharing
2024,5339/PL16/KS/2024,26 Juni 2024,31 Desember 2024,INDONESIA,KELURAHAN ROBAN,https://drive.google.com/file/d/1O53Oh_aPs8VHUqI9juHi5Cb5rqXDYLKd/view?usp=sharing
2024,5719/PL16/KS/2024,26 Juni 2024,31 Desember 2024,INDONESIA,DINAS PERIKANAN KABUPATEN SUKAMARA,https://drive.google.com/file/d/19BIy0jw5xgJtIoldhmUbPHb-BjU7pIPT/view?usp=sharing
2024,5751/PL16/KS/2024,5 Juli 2024,31 Desember 2024,INDONESIA,LEMBAGA PENDIDIKAN ISLAM AL HUSNA PONTIANAK,https://drive.google.com/file/d/17fH8u9lhkIvEAHqT1VgVs1j7GukXXPU7/view?usp=sharing
2024,5834/Pl16/KS/2024,12 Juli 2024,31 Desember 2024,INDONESIA,PEMERINTAH DESA TEMAJUK,https://drive.google.com/file/d/1N0VYZZ8CRjUDZHLF-5IYv2zkg8__TXU2/view?usp=sharing
2024,5835/PL16/KS/2024,12 Juli 2024,31 Desember 2024,INDONESIA,PEMERINTAH DESA TEMAJUK,https://drive.google.com/file/d/197WAu4hvdwqF33JLyVyRqavJbF9qW9g-/view?usp=sharing
2024,5837/PL16/KS/2024,12 Juli 2024,31 Desember 2024,INDONESIA,HOME STAY ABAH HOUSE,https://drive.google.com/file/d/19RM2AxMAQvn1cMZIeMBJEVWgB1x0EFTo/view?usp=sharing
2024,5962/PL16/KS/2024,19 Juli 2024,31 Desember 2024,INDONESIA,PEMERINTAH DESA PUNGGUR BESAR,https://drive.google.com/file/d/19QVNMDTv9vG8BHQbk9-oQTrKM2TYvxjc/view?usp=sharing
2024,6001/PL16/KS/2024,10 Juli 2024,31 Desember 2024,INDONESIA,PEMERINTAH DESA JERUJUR BESAR,https://drive.google.com/file/d/1O6Y60HEyauNAXwKDWNATL9Xb49fwll7V/view?usp=sharing
2024,6389/PL16/KS/2024,18 Juli 2024,31 Desember 2024,INDONESIA,PEMERINTAH DESA SUNGAI DERAS,https://drive.google.com/file/d/1N3RJTiqCRadpRhbxWmqKm4jJRk5WNkIn/view?usp=sharing
2024,6669/PL16/KS.00/2024,26 Juli 2024,31 Desember 2024,INDONESIA,POLITEKNIK AISYIYAH PONTIANAK,https://drive.google.com/file/d/1A_wKRigKz25zYQH4BsvQdvmTcMhKvpYy/view?usp=sharing
2024,6902/PL16/KS/2024,29 Juli 2024,31 Desember 2024,INDONESIA,"DINAS KOPERASI, USAHA MIKRO DAN PERDAGANGAN KOTA PONTIANAK",https://drive.google.com/file/d/19XtCvIMD6f5b-Ywm0C_KsnymZETVsapO/view?usp=sharing
2024,7004/PL16/KS/2024,29 Juli 2024,31 Desember 2024,INDONESIA,PEMERINTAH DESA JARAS II,https://drive.google.com/file/d/19cxz2guDr0GiVHzO4cAnl2NymfmGwPUZ/view?usp=sharing
2024,8218/PL16/KS/2024,2 Agustus 2024,31 Desember 2024,INDONESIA,PERUSDA ANEKA USAHA PROVINSI KALIMANTAN BARAT,https://drive.google.com/file/d/18dYipM7z5audILcMYi4iP9SbOVOLFViC/view?usp=sharing
2024,8251/PL16/KS/2024,1 Agustus 2024,31 Desember 2024,INDONESIA,LEMBAGA FOTOGRAFI SEKALI SETAHUN,https://drive.google.com/file/d/1AgDZp6hZ8d5kJPzxMShJGl0S7HxHQfax/view?usp=sharing
2024,8279/PL16/KS/2024,5 Agustus 2024,31 Desember 2024,INDONESIA,RUMAH BUMN SANGGAU,https://drive.google.com/file/d/17SIa8VVAQI5Wpm5-Tu-YPusbx0_VGTxK/view?usp=sharing
2024,8308/PL16/KS/2024,5 Agustus 2024,31 Desember 2024,INDONESIA,PONDOK PESANTREN MIFTAHUL ULUM KUMPAI,https://drive.google.com/file/d/18vn-J_KM_nIdS3yVu7wpdmJwqmYwxUgH/view?usp=sharing
2024,8309/PL16/KS/2024,5 Agustus 2024,31 Desember 2024,INDONESIA,SMK PANCASILA KUMPAI AMBANGAH,https://drive.google.com/file/d/17mI0WHgDl6rXqqZUcMrpuHhldvrgbnOG/view?usp=sharing
2024,8360/PL16/KS/2024,6 Juli 2024,31 Desember 2024,INDONESIA,KELURAHAN KEDAMIN HULU,https://drive.google.com/file/d/19ldq9K8Ylnmhd8RU3qeUImUA-GtZ3f9S/view?usp=sharing
2024,8458/PL16/KS/2024,15 Agustus 2024,31 Desember 2024,INDONESIA,MA KHULAFAUR RASYIDIN,https://drive.google.com/file/d/18Yzrv4pm16XhKRLcLtueDLPIgbFEwwoa/view?usp=sharing
2024,8482/PL16/KS/2024,1 Agustus 2024,31 Desember 2024,INDONESIA,KELOMPOK TANI BOER ANAM,https://drive.google.com/file/d/18It-8ls56TvDLpn5TJJAY3H49aRg1MZw/view?usp=sharing
2024,8836/PL16/KS/2024 (2),16 Agustus 2024,31 Desember 2024,INDONESIA,PEMERINTAH DESA SUNGAI RAYA,https://drive.google.com/file/d/1A6Kabq9s9mBcHMaHhA3_UKQVEvkS7WcG/view?usp=sharing
2024,9024/Pl16/KS/2024,23 Agustus 2024,31 Desember 2024,INDONESIA,SMK NEGERI 1 SUKAMARA,https://drive.google.com/file/d/18OEZBfWyHnbFTQFaQKiZYdEVn9KmN05f/view?usp=sharing
2024,10063/PL16/KS.00.00/2024,12 September 2024,31 Desember 2024,INDONESIA,BALAI WILAYAH SUNGAI (BWS) KALIMANTAN I PONTIANAK,https://drive.google.com/file/d/19OlpY2-ipNrGgZd3P1o8QP-oz9SZqGTr/view?usp=sharing
2024,10402/PL16/KS.00.00/2024,19 September 2024,31 Desember 2024,INDONESIA,MASJID AT-TAUBAH SUNGAI PANGKALAN I,https://drive.google.com/file/d/1932-K5wMlgrZvWH9ytsPCZkvQFobHFzT/view?usp=sharing
2024,10696/PL16/KS.00.01/2024,27 September 2024,29 September 2024,MALAYSIA,POLITEKNIK METRO BETONG SARAWAK,https://drive.google.com/file/d/14PtcuBExCqNB0F6-vKnRoZ01c4NpioSt/view?usp=sharing
2024,10961/PL16/KS.00.00/2024,30 September 2024,31 Desember 2024,INDONESIA,PEMERINTAH DESA KUALA SECAPAH,https://drive.google.com/file/d/19K5MwqsWAi_wkORQjiYQAR-vjlK_iAoR/view?usp=sharing
2024,11075/PL16/KS.00.00/2024,1 Oktober 2024,31 Desember 2024,INDONESIA,BADAN USAHA MILIK RW 33,https://drive.google.com/file/d/17F7VcYZqnxqKAE5pRumC9eOpeSVXBado/view?usp=sharing
2024,11134/PL16/KS.00.00/2024,2 Oktober 2024,31 Desember 2024,INDONESIA,KELOMPOK KETAHANAN PANGAN TPS 3R PALM ASRI KELURAHAN SUI JAWI,https://drive.google.com/file/d/17PuvUUOqcaq25wmJ3jV68iyQc29FJfQy/view?usp=sharing
2024,11257/PL16/KS.00.00/2024,3 Oktober 2024,31 Desember 2024,INDONESIA,MASJID NURUL HIDAYAH BENUA MELAYU LAUT,https://drive.google.com/file/d/19-EN0vVAEQFXTACrzxowqU6Zg0_gpE8U/view?usp=sharing
2024,11473/PL16/KS.00.00/2024,8 Oktober 2024,31 Desember 2024,INDONESIA,LEMBAGA AKADEMI IDE KALIMANTAN,https://drive.google.com/file/d/179u0AT9MeMo2s-Fgw00Pr-HRagPs_pYf/view?usp=sharing
2024,14059/PL16/KS.00.00/2024,29 November 2024,13 Desember 2024,INDONESIA,PT. CAKRA BUANA,https://drive.google.com/file/d/1C77Na97eHr8U39tiLS9bTp31TGv7KPOc/view?usp=sharing
2024,14426/PL16/DT.06.01/2024,9 Desember 2024,31 Desember 2024,INDONESIA,RT 003 RW 013 GG. URAI HAMID KELURAHAN AKCAYA KECAMATAN PONTIANAK SELATAN,https://drive.google.com/file/d/1O1Rd6JXYE3nFsb26laXATJfYRm3-xiMa/view?usp=sharing
2024,14918/PL16/KS.00.00/2024,20 Desember 2024,20 Desember 2025,INDONESIA,POLITEKNIK TONGGAK EQUATOR,https://drive.google.com/file/d/1CvqoDEg8vIfuuLQGZVaKlsppah9UAeEV/view?usp=sharing
2025,-,15 Januari 2025,-,TAIWAN,INTERNATIONAL TALENT CIRCULATION BASE (TAIWAN-INDONESIA),https://drive.google.com/file/d/1CD1ny7lMbFXLAlZZghjGbUYQ-qBaaZgc/view?usp=sharing
2024,-,1 Agustus 2024,31 Juli 2029,INDONESIA,UNIVERSITI MALAYSIA SARAWAK (UNIMAS),https://drive.google.com/file/d/1TIw2QU9w9KnmINy8YO0l2hKkVbU2LhrK/view?usp=sharing
2024,5005/PL16/KS/2024,19 Juni 2024,-,INDONESIA,LSP GATENSI KARYA KONSTRUKSI,https://drive.google.com/file/d/1TU-YAvrtzE9Z3qicfOBIBe2grblXBDrG/view?usp=sharing
2024,13283/PL16/KS.00.00/2024,5 November 2024,4 November 2029,INDONESIA,PT. BORNEO ALUMINA INDONESIA,https://drive.google.com/file/d/1i2JMvpZy-4ZENbLwL3cbsoEt2YyVJNBM/view?usp=sharing
2024,14355/PL16/KS.00.00/2024,17 Desember 2024,19 Desember 2024,INDONESIA,PT. CAKRA BUANA,https://drive.google.com/file/d/1UBLGuKzflU3hyhg2Fsdzcvx3D-3vEjdy/view?usp=sharing
2024,2999/PL16/KS/2024,4 April 2024,28 November 2024,INDONESIA,PT. KINOBI TECHNOLOGIES INDONESIA,https://drive.google.com/file/d/1061Md0CfK1mFbZaQjFleVsWISakuT_lS/view?usp=sharing
2024,10234/PL16/KS.00.00/2024,17 September 2024,16 September 2029,INDONESIA,BALAI BESAR PERIKANAN BUDIDAYA AIR PAYAU JEPARA KEMENTERIAN KELAUTAN DAN PERIKANAN,https://drive.google.com/file/d/17w88kTp_Baa6DSPxYwrMWq5Uw1bxTzvo/view?usp=sharing
2024,14163/PL16/DV.03.03/2024,3 Desember 2024,28 November 2025,INDONESIA,DIREKTORAT JENDERAL PENDIDIKAN VOKASI,https://drive.google.com/file/d/14TxaSBIfpqTXZ0EYJkDUS3fA9UltS6Is/view?usp=sharing
2024,14164/PL16/DV.03.03/2024,3 Desember 2024,28 November 2025,INDONESIA,DIREKTORAT JENDERAL PENDIDIKAN VOKASI,https://drive.google.com/file/d/107ttdiHAVsUjKyyZg_2O2OK4obqMGl6w/view?usp=sharing
2024,14165/PL16/DV.03.03/2024,3 Desember 2024,28 November 2025,INDONESIA,DIREKTORAT JENDERAL PENDIDIKAN VOKASI,https://drive.google.com/file/d/1s1sHJ9zMOI8cn9DSzIo0OhtFtPnEyH3y/view?usp=sharing
2024,14170/PL16/DV.03.03/2024,3 Desember 2024,28 November 2025,INDONESIA,DIREKTORAT JENDERAL PENDIDIKAN VOKASI,https://drive.google.com/file/d/19D9XCZoOwLgKrCnSLi6cJqXzV702Q8qr/view?usp=sharing
2024,14171/PL16/DV.03.03/2024,3 Desember 2024,28 November 2025,INDONESIA,DIREKTORAT JENDERAL PENDIDIKAN VOKASI,https://drive.google.com/file/d/16aAkGyL98LpavEpFIv-sxSkxzJu6iM32/view?usp=sharing
2024,-,13 Maret 2024,12 Maret 2029,FRANCE,UNIVERSITE DE LORRAINE,https://drive.google.com/file/d/1wD0NxDpKsEFSZU1PwzA6PekvZYQ6SlDr/view?usp=sharing
2024,-,13 Maret 2024,12 Maret 2029,FRANCE,UNIVERSITE DE LORRAINE,https://drive.google.com/file/d/1cTGExWxlqQKU1uBfnW2lc5a_XulDbnUR/view?usp=sharing
2024,0147/PL16/KS/2024,5 Januari 2024,3 Januari 2029,INDONESIA,PT BANK BTPN SYARIAH TBK,https://drive.google.com/file/d/1yFelNER2M9GxAPg6WZn6lSk9wZfQUFaX/view?usp=sharing
2024,0980/PL16/KS/2024,24 Januari 2024,23 Januari 2027,INDONESIA,POLITEKNIK AISYIYAH PONTIANAK,https://drive.google.com/file/d/1_meKZb_pWQT6rKXmOfRx6P7-D-A73oDX/view?usp=sharing
2024,0981/PL16/KS/2024,24 Januari 2024,30 Juni 2024,INDONESIA,POLITEKNIK AISYIYAH PONTIANAK,https://drive.google.com/file/d/1QAO2PyF_Z6Cfoe689juw9KuhwnmpaNIk/view?usp=sharing
2025,1039/PL16/KS.00.00/2025,3 Februari 2025,31 Desember 2025,INDONESIA,MAN 2 PONTIANAK,https://drive.google.com/file/d/1VbpplqX_On548LrhOiIsDeUr0zU3fgaU/view?usp=sharing
2024,2032/PL16/KS/2024,1 Maret 2024,30 Juni 2024,INDONESIA,POLITEKNIK NEGERI KETAPANG,https://drive.google.com/file/d/1PCzPteCGD_s0SiVytIfJks8eokTF4wcL/view?usp=sharing
2024,2314/PL16/KS/2024,8 Maret 2024,7 Maret 2028,INDONESIA,FAKULTAS MATEMATIKA DAN ILMU PENGETAHUAN ALAM UNIVERSITAS TANJUNGPURA,https://drive.google.com/file/d/1JL9y33I5cs_bPgQMXog5pm2xddMp8CAE/view?usp=sharing
2024,2315/PL16/KS/2024,8 Maret 2024,7 Maret 2028,INDONESIA,FAKULTAS MATEMATIKA DAN ILMU PENGETAHUAN ALAM UNIVERSITAS TANJUNGPURA,https://drive.google.com/file/d/1MRN7Ni2MJAX501LvmuPSFAS8DsGzH8fO/view?usp=sharing
2023,-,5 Juni 2023,30 September 2023,INDONESIA,BALAI BESAR PENGEMBANGAN SDM DAN PENELITIAN KOMINFO MEDAN,https://drive.google.com/file/d/1VQeUgQ-iFyvYQmxXqLeQ6-LWRtT0JCQy/view?usp=sharing
2023,177/PL16/KS.BIV/2023,9 Maret 2023,8 Maret 2026,INDONESIA,YAYASAN HUNIAN RAKYAT CARITRA YOGYA,https://drive.google.com/file/d/1HtWqvORTVLGnGZPwSCwHSBUC2f-bW5UN/view?usp=sharing
2023,178/PL16/KS.BIV/2023,9 Maret 2023,7 Maret 2028,INDONESIA,PT NIKENDO ARDITOMO KONSULTAN,https://drive.google.com/file/d/1w5VTbGV5b_APaRDWg6yitgX5VkkadyjH/view?usp=sharing
2023,202/PL16/KS.BIV/2023,20 Maret 2023,18 Maret 2028,INDONESIA,PT NIKENDO ARDITOMO KONSULTAN,https://drive.google.com/file/d/1eGJSwl3zOdGP42q7z-3-iSURRnjQ_kGo/view?usp=sharing
2023,207/PL16/KS.BIV/2023,21 Maret 2023,17 September 2023,INDONESIA,PT ARAH TEKNOLOGI INDONESIA,https://drive.google.com/file/d/1JHHSU0yAMY8JjJdTbCvivPEo1IjwDfOA/view?usp=sharing
2023,211/PL16/KS.BIV/2023,24 Maret 2023,24 Maret 2025,INDONESIA,IKATAN ARSITEK INDONESIA DAERAH KALBAR,https://drive.google.com/file/d/1arGJ27kEGuhwBb-PJKAE_SRxZNpkCAyd/view?usp=sharing
2021,0331/PL16/KS.BIV/2021,28 April 2021,27 April 2026,INDONESIA,POLITEKNIK LAMANDAU,https://drive.google.com/file/d/1Fd6_4Y3flfmP3rge-8AFOLYMAgFsrZex/view?usp=sharing
2023,363/PL16/KS.BIV/2023,14 Juni 2023,31 Desember 2023,INDONESIA,KELOMPOK TANI BOER ANAM,https://drive.google.com/file/d/1kvJtbtwkoGAQhwn--YMaRaytcSasg4Wc/view?usp=drive_link
2023,410/PL16/KS.BIV/2023,3 Agustus 2023,7 Agustus 2027,INDONESIA,PT. ASURANSI UMUM BUMIPUTERA MUDA 1967,https://drive.google.com/file/d/1kHdET5oJLC-6Gqkkm8Y9fa5cB0dXCNNt/view?usp=sharing
2022,419/PL16/KS.BIV/2022,21 Juli 2022,20 Juli 2025,INDONESIA,KANTOR WILAYAH BADAN PERTANAHAN NASIONAL PROVINSI KALIMANTAN BARAT,https://drive.google.com/file/d/1oEsmrYhiEYIgAAj7wx6B71MpLb4_pq_h/view?usp=sharing
2023,370/PL16/KS.BIV/2023,17 Juli 2023,15 Juli 2028,INDONESIA,LSP HATSINDO INDONESIA TEKNIK,https://drive.google.com/file/d/1W_8j9pD4zaDIlwa6TE1ibJrYqX05Btep/view?usp=sharing
2021,477/PL16/KS.BIV/2021,13 Agustus 2021,12 Agustus 2026,INDONESIA,SEKOLAH TINGGI ILMU EKONOMI INDONESIA PONTIANAK,https://drive.google.com/file/d/1EZPAvUEBzPJd0e7VzkzjaNZlep5Pi4EO/view?usp=sharing
2023,597/PL16/KS.BIV/2023,25 Oktober 2023,23 Oktober 2028,INDONESIA,BALAI STANDARDISASI DAN PELAYANAN JASA INDUSTRI PONTIANAK,https://drive.google.com/file/d/1k6xoX8gtqH6EiFwOO3iGgRyd2Qx9mubU/view?usp=sharing
2023,617/PL16/KS.BIV/2023,9 November 2023,7 November 2028,INDONESIA,SMK NEGERI 1 SUNGAI MELAYU RAYAK,https://drive.google.com/file/d/1dSjLRJA_7T9Ghimgj_BPfxayufQbIydk/view?usp=sharing
2023,619/PL16/KS.BIV/2023,10 November 2023,8 November 2028,INDONESIA,SMK NEGERI 1 AIR UPAS,https://drive.google.com/file/d/1Mhoxy2NJHrbtIzIuDCbpewm9Iv5k9Qvq/view?usp=sharing
2023,665/PL16/KS.BIV/2023,29 November 2023,28 November 2025,INDONESIA,IKATAN CENDEKIAWAN MUDA AKUNTANSI,https://drive.google.com/file/d/1jaIRO8a9TL1i1bv-Okh9wZGe_lZb0JqZ/view?usp=sharing
2023,692/PL16/KS.BIV/2023,12 Desember 2023,10 Desember 2028,INDONESIA,SMK NEGERI 8 PONTIANAK,https://drive.google.com/file/d/1VxEtkm4rHb9VWM9KFz9iOKS2VSxsMC3O/view?usp=sharing
2021,705/PL16/KS.BIV/2021,7 September 2021,6 September 2026,INDONESIA,YAYASAN PUTRA KALIMANTAN BARAT,https://drive.google.com/file/d/1tZNkmxglu22PP0AgYOEs4iRaG1F5qnKV/view?usp=sharing
2021,818/PL16/KS.BIV/2021,21 Juni 2021,20 Juni 2026,INDONESIA,PT ACA PACIFIC,https://drive.google.com/file/d/1Hsy90Z4qL5Aj-rM_U3F_eImBaYytH5G6/view?usp=sharing
2021,981/PL16/KS.BIV/2021,21 Desember 2021,20 Desember 2026,INDONESIA,SMK NEGERI 1 NANGA TAYAP,https://drive.google.com/file/d/1VbMl3CJtj7XVFRI3PY2L8vnDk5crr-0V/view?usp=sharing
2024,-,3 Desember 2024,2 Desember 2028,TAIWAN,"CHENG SHIU UNIVERSITY (CSU), TAIWAN",https://drive.google.com/file/d/1V2DU4boGoB1h9XvYZORU3vwwH7_4GVjG/view?usp=sharing
2024,-,3 Desember 2024,2 Desember 2029,TAIWAN,"CHENG SHIU UNIVERSITY (CSU), TAIWAN",https://drive.google.com/file/d/1UA1ZXCt35f-uPXJJsfMIC4bLNh8MedQu/view?usp=sharing
2025,0204/PL16/KS.00.01/2025,29 Januari 2025,28 Januari 2030,FRANCE,"UNIVERSITE PARIS-EST CRETEIL (UPEC), FRANCE",https://drive.google.com/file/d/1Z9N6cQkQBbkXLN2kaj2mi8K3PO1Ic18R/view?usp=sharing
2025,0205/PL16/KS.00.01/2025,29 Januari 2025,28 Januari 2030,FRANCE,"UNIVERSITE PARIS-EST CRETEIL (UPEC), FRANCE",https://drive.google.com/file/d/1gHPIA6gBWj03TT59if6m550VKVE5_w7P/view?usp=sharing
2024,2263/PL16/KS/2024,7 Maret 2024,6 Maret 2029,INDONESIA,PT. YOGYA PRESISI TEHNIKATAMA INDUSTRI,https://drive.google.com/file/d/1D9jbOGd9dM0lwrXSOzNWWTON185Z2xpB/view?usp=sharing
2023,9444/PL16/KS/2023,15 November 2023,13 November 2028,INDONESIA,PEMERINTAH KABUPATEN SANGGAU,https://drive.google.com/file/d/1ARwV9Evqlsctd94VqqK74PtTfy6WhDGv/view?usp=sharing
2023,296/PL16/KS.BIV/2023,8 Desember 2023,6 Desember 2028,INDONESIA,POLITEKNIK NEGERI JAKARTA (PNJ),https://drive.google.com/file/d/1xaAWRt3CMv-YAUPhL6SOussgnBG4z4EH/view?usp=sharing
2023,296/PL16/KS.BIV/2023,8 Desember 2023,6 Desember 2028,INDONESIA,POLITEKNIK NEGERI MADIUN,https://drive.google.com/file/d/1xaAWRt3CMv-YAUPhL6SOussgnBG4z4EH/view?usp=sharing
2023,296/PL16/KS.BIV/2023,8 Desember 2023,6 Desember 2028,INDONESIA,POLITEKNIK NEGERI LAMPUNG,https://drive.google.com/file/d/1xaAWRt3CMv-YAUPhL6SOussgnBG4z4EH/view?usp=sharing
2023,296/PL16/KS.BIV/2023,8 Desember 2023,6 Desember 2028,INDONESIA,POLITEKNIK NEGERI MEDAN (POLMED),https://drive.google.com/file/d/1xaAWRt3CMv-YAUPhL6SOussgnBG4z4EH/view?usp=sharing
2023,296/PL16/KS.BIV/2023,8 Desember 2023,6 Desember 2028,INDONESIA,POLITEKNIK NEGERI CILACAP,https://drive.google.com/file/d/1xaAWRt3CMv-YAUPhL6SOussgnBG4z4EH/view?usp=sharing
2023,296/PL16/KS.BIV/2023,8 Desember 2023,6 Desember 2028,INDONESIA,POLITEKNIK NEGERI NUSA UTARA,https://drive.google.com/file/d/1xaAWRt3CMv-YAUPhL6SOussgnBG4z4EH/view?usp=sharing
2023,296/PL16/KS.BIV/2023,8 Desember 2023,6 Desember 2028,INDONESIA,POLITEKNIK NEGERI BENGKALIS,https://drive.google.com/file/d/1xaAWRt3CMv-YAUPhL6SOussgnBG4z4EH/view?usp=sharing
2023,296/PL16/KS.BIV/2023,8 Desember 2023,6 Desember 2028,INDONESIA,POLITEKNIK NEGERI SAMBAS,https://drive.google.com/file/d/1xaAWRt3CMv-YAUPhL6SOussgnBG4z4EH/view?usp=sharing
2023,296/PL16/KS.BIV/2023,8 Desember 2023,6 Desember 2028,INDONESIA,POLITEKNIK ELEKTRONIKA NEGERI SURABAYA,https://drive.google.com/file/d/1xaAWRt3CMv-YAUPhL6SOussgnBG4z4EH/view?usp=sharing
2023,296/PL16/KS.BIV/2023,8 Desember 2023,6 Desember 2028,INDONESIA,POLITEKNIK NEGERI BALI,https://drive.google.com/file/d/1xaAWRt3CMv-YAUPhL6SOussgnBG4z4EH/view?usp=sharing
2023,296/PL16/KS.BIV/2023,8 Desember 2023,6 Desember 2028,INDONESIA,POLITEKNIK PERTANIAN NEGERI PANGKAJENE KEPULAUAN,https://drive.google.com/file/d/1xaAWRt3CMv-YAUPhL6SOussgnBG4z4EH/view?usp=sharing
2023,296/PL16/KS.BIV/2023,8 Desember 2023,6 Desember 2028,INDONESIA,POLITEKNIK NEGERI SAMARINDA (POLNES),https://drive.google.com/file/d/1xaAWRt3CMv-YAUPhL6SOussgnBG4z4EH/view?usp=sharing
2023,296/PL16/KS.BIV/2023,8 Desember 2023,6 Desember 2028,INDONESIA,POLITEKNIK NEGERI LHOKSEUMAWE,https://drive.google.com/file/d/1xaAWRt3CMv-YAUPhL6SOussgnBG4z4EH/view?usp=sharing
2023,296/PL16/KS.BIV/2023,8 Desember 2023,6 Desember 2028,INDONESIA,POLITEKNIK NEGERI MALANG,https://drive.google.com/file/d/1xaAWRt3CMv-YAUPhL6SOussgnBG4z4EH/view?usp=sharing
2023,296/PL16/KS.BIV/2023,8 Desember 2023,6 Desember 2028,INDONESIA,POLITEKNIK NEGERI BANYUWANGI,https://drive.google.com/file/d/1xaAWRt3CMv-YAUPhL6SOussgnBG4z4EH/view?usp=sharing
2023,296/PL16/KS.BIV/2023,8 Desember 2023,6 Desember 2028,INDONESIA,POLITEKNIK NEGERI AMBON,https://drive.google.com/file/d/1xaAWRt3CMv-YAUPhL6SOussgnBG4z4EH/view?usp=sharing
2023,296/PL16/KS.BIV/2023,8 Desember 2023,6 Desember 2028,INDONESIA,POLITEKNIK MANUFAKTUR NEGERI BANGKA BELITUNG,https://drive.google.com/file/d/1xaAWRt3CMv-YAUPhL6SOussgnBG4z4EH/view?usp=sharing
2023,296/PL16/KS.BIV/2023,8 Desember 2023,6 Desember 2028,INDONESIA,POLITEKNIK NEGERI SEMARANG,https://drive.google.com/file/d/1xaAWRt3CMv-YAUPhL6SOussgnBG4z4EH/view?usp=sharing
2023,296/PL16/KS.BIV/2023,8 Desember 2023,6 Desember 2028,INDONESIA,POLITEKNIK NEGERI BANJARMASIN,https://drive.google.com/file/d/1xaAWRt3CMv-YAUPhL6SOussgnBG4z4EH/view?usp=sharing
2023,296/PL16/KS.BIV/2023,8 Desember 2023,6 Desember 2028,INDONESIA,POLITEKNIK PERTANIAN NEGERI KUPANG,https://drive.google.com/file/d/1xaAWRt3CMv-YAUPhL6SOussgnBG4z4EH/view?usp=sharing
2023,296/PL16/KS.BIV/2023,8 Desember 2023,6 Desember 2028,INDONESIA,POLITEKNIK NEGERI FAKFAK,https://drive.google.com/file/d/1xaAWRt3CMv-YAUPhL6SOussgnBG4z4EH/view?usp=sharing
2023,296/PL16/KS.BIV/2023,8 Desember 2023,6 Desember 2028,INDONESIA,POLITEKNIK PERKAPALAN NEGERI SURABAYA,https://drive.google.com/file/d/1xaAWRt3CMv-YAUPhL6SOussgnBG4z4EH/view?usp=sharing
2023,296/PL16/KS.BIV/2023,8 Desember 2023,6 Desember 2028,INDONESIA,POLITEKNIK PERTANIAN NEGERI PAYAKUMBUH,https://drive.google.com/file/d/1xaAWRt3CMv-YAUPhL6SOussgnBG4z4EH/view?usp=sharing
2023,296/PL16/KS.BIV/2023,8 Desember 2023,6 Desember 2028,INDONESIA,POLITEKNIK NEGERI TANAH LAUT,https://drive.google.com/file/d/1xaAWRt3CMv-YAUPhL6SOussgnBG4z4EH/view?usp=sharing
2023,296/PL16/KS.BIV/2023,8 Desember 2023,6 Desember 2028,INDONESIA,POLITEKNIK NEGERI MADURA,https://drive.google.com/file/d/1xaAWRt3CMv-YAUPhL6SOussgnBG4z4EH/view?usp=sharing
2023,296/PL16/KS.BIV/2023,8 Desember 2023,6 Desember 2028,INDONESIA,POLITEKNIK NEGERI BANDUNG (POLBAN),https://drive.google.com/file/d/1xaAWRt3CMv-YAUPhL6SOussgnBG4z4EH/view?usp=sharing
2023,296/PL16/KS.BIV/2023,8 Desember 2023,6 Desember 2028,INDONESIA,POLITEKNIK MANUFAKTUR BANDUNG,https://drive.google.com/file/d/1xaAWRt3CMv-YAUPhL6SOussgnBG4z4EH/view?usp=sharing
2023,296/PL16/KS.BIV/2023,8 Desember 2023,6 Desember 2028,INDONESIA,AKADEMI KOMUNITAS NEGERI SENI DAN BUDAYA YOGYAKARTA,https://drive.google.com/file/d/1xaAWRt3CMv-YAUPhL6SOussgnBG4z4EH/view?usp=sharing
2023,296/PL16/KS.BIV/2023,8 Desember 2023,6 Desember 2028,INDONESIA,POLITEKNIK NEGERI PADANG,https://drive.google.com/file/d/1xaAWRt3CMv-YAUPhL6SOussgnBG4z4EH/view?usp=sharing
2023,296/PL16/KS.BIV/2023,8 Desember 2023,6 Desember 2028,INDONESIA,POLITEKNIK NEGERI BALIKPAPAN,https://drive.google.com/file/d/1xaAWRt3CMv-YAUPhL6SOussgnBG4z4EH/view?usp=sharing
2023,296/PL16/KS.BIV/2023,8 Desember 2023,6 Desember 2028,INDONESIA,POLITEKNIK NEGERI SRIWIJAYA,https://drive.google.com/file/d/1xaAWRt3CMv-YAUPhL6SOussgnBG4z4EH/view?usp=sharing
2023,296/PL16/KS.BIV/2023,8 Desember 2023,6 Desember 2028,INDONESIA,POLITEKNIK NEGERI NUNUKAN,https://drive.google.com/file/d/1xaAWRt3CMv-YAUPhL6SOussgnBG4z4EH/view?usp=sharing
2023,296/PL16/KS.BIV/2023,8 Desember 2023,6 Desember 2028,INDONESIA,POLITEKNIK NEGERI KETAPANG,https://drive.google.com/file/d/1xaAWRt3CMv-YAUPhL6SOussgnBG4z4EH/view?usp=sharing
2023,296/PL16/KS.BIV/2023,8 Desember 2023,6 Desember 2028,INDONESIA,POLITEKNIK NEGERI UJUNG PANDANG,https://drive.google.com/file/d/1xaAWRt3CMv-YAUPhL6SOussgnBG4z4EH/view?usp=sharing
2023,296/PL16/KS.BIV/2023,8 Desember 2023,6 Desember 2028,INDONESIA,POLITEKNIK PERIKANAN NEGERI TUAL,https://drive.google.com/file/d/1xaAWRt3CMv-YAUPhL6SOussgnBG4z4EH/view?usp=sharing
2023,296/PL16/KS.BIV/2023,8 Desember 2023,6 Desember 2028,INDONESIA,POLITEKNIK NEGERI SUBANG,https://drive.google.com/file/d/1xaAWRt3CMv-YAUPhL6SOussgnBG4z4EH/view?usp=sharing
2023,296/PL16/KS.BIV/2023,8 Desember 2023,6 Desember 2028,INDONESIA,POLITEKNIK NEGERI JEMBER,https://drive.google.com/file/d/1xaAWRt3CMv-YAUPhL6SOussgnBG4z4EH/view?usp=sharing
2023,296/PL16/KS.BIV/2023,8 Desember 2023,6 Desember 2028,INDONESIA,AKADEMI KOMUNITAS NEGERI PACITAN,https://drive.google.com/file/d/1xaAWRt3CMv-YAUPhL6SOussgnBG4z4EH/view?usp=sharing
2023,296/PL16/KS.BIV/2023,8 Desember 2023,6 Desember 2028,INDONESIA,AKADEMI KOMUNITAS NEGERI PUTRA SANG FAJAR BLITAR,https://drive.google.com/file/d/1xaAWRt3CMv-YAUPhL6SOussgnBG4z4EH/view?usp=sharing
2023,296/PL16/KS.BIV/2023,8 Desember 2023,6 Desember 2028,INDONESIA,AKADEMI KOMUNITAS NEGERI REJANG LEBONG,https://drive.google.com/file/d/1xaAWRt3CMv-YAUPhL6SOussgnBG4z4EH/view?usp=sharing
2023,296/PL16/KS.BIV/2023,8 Desember 2023,6 Desember 2028,INDONESIA,POLITEKNIK TEKNOLOGI NUKLIR INDONESIA,https://drive.google.com/file/d/1xaAWRt3CMv-YAUPhL6SOussgnBG4z4EH/view?usp=sharing
2023,296/PL16/KS.BIV/2023,8 Desember 2023,6 Desember 2028,INDONESIA,POLITEKNIK NEGERI KUPANG,https://drive.google.com/file/d/1xaAWRt3CMv-YAUPhL6SOussgnBG4z4EH/view?usp=sharing
2023,296/PL16/KS.BIV/2023,8 Desember 2023,6 Desember 2028,INDONESIA,POLITEKNIK NEGERI MEDIA KREATIF (POLIMEDIA),https://drive.google.com/file/d/1xaAWRt3CMv-YAUPhL6SOussgnBG4z4EH/view?usp=sharing
2023,296/PL16/KS.BIV/2023,8 Desember 2023,6 Desember 2028,INDONESIA,POLITEKNIK NEGERI BATAM,https://drive.google.com/file/d/1xaAWRt3CMv-YAUPhL6SOussgnBG4z4EH/view?usp=sharing
2023,296/PL16/KS.BIV/2023,8 Desember 2023,6 Desember 2028,INDONESIA,POLITEKNIK MARITIM NEGERI INDONESIA,https://drive.google.com/file/d/1xaAWRt3CMv-YAUPhL6SOussgnBG4z4EH/view?usp=sharing
2023,296/PL16/KS.BIV/2023,8 Desember 2023,6 Desember 2028,INDONESIA,POLITEKNIK NEGERI INDRAMAYU,https://drive.google.com/file/d/1xaAWRt3CMv-YAUPhL6SOussgnBG4z4EH/view?usp=sharing
2023,296/PL16/KS.BIV/2023,8 Desember 2023,6 Desember 2028,INDONESIA,POLITEKNIK NEGERI MANADO,https://drive.google.com/file/d/1xaAWRt3CMv-YAUPhL6SOussgnBG4z4EH/view?usp=sharing
2023,296/PL16/KS.BIV/2023,8 Desember 2023,6 Desember 2028,INDONESIA,POLITEKNIK PERTANIAN NEGERI SAMARINDA,https://drive.google.com/file/d/1xaAWRt3CMv-YAUPhL6SOussgnBG4z4EH/view?usp=sharing
2023,296/PL16/KS.BIV/2023,8 Desember 2023,6 Desember 2028,INDONESIA,AKADEMI KOMUNITAS NEGERI ACEH BARAT,https://drive.google.com/file/d/1xaAWRt3CMv-YAUPhL6SOussgnBG4z4EH/view?usp=sharing
2021,-,23 Juli 2021,22 November 2021,INDONESIA,BALAI BESAR PENGEMBANGAN SDM DAN PENELITIAN KOMINFO MEDAN,https://drive.google.com/file/d/15dvJoYQJKbWiUdq5_h-l6d6L8fP1nJW2/view?usp=sharing
2021,351/PL16/KS.BIV/2021,6 Januari 2021,6 Januari 2026,INDONESIA,POLITEKNIK SERUYAN,https://drive.google.com/file/d/1_UneFd3fAAc3VAdFTPeB5QfZubaouxWo/view?usp=sharing
2021,841/PL16/KS.BIV/2021,10 April 2021,10 April 2022,INDONESIA,PERUSAHAAN UMUM (PERUM) BULOG KANWIL KALBAR,https://drive.google.com/file/d/1WjXWS8r63VBN_yYfatiVulUAgWA3b3q6/view?usp=sharing
,3034/PL16/KS.00.00/2025,-,-,INDONESIA,CV TRIO KOKKINO INTERNUSA,https://drive.google.com/file/d/1A_a2IaU0QOrWJ3r11Ppl5fDnSDJn1fi3/view?usp=sharing
2025,3165/PL16/KS.00.00/2025,3 Mei 2025,3 Mei 2026,INDONESIA,POLITEKNIK NEGERI SAMBAS,https://drive.google.com/file/d/1ZmBD4iqDy0bagSpruYC4RaKEy_AMvlwF/view?usp=sharing
2024,8261/PL16/KS.00.00/2024,8 Februari 2024,-,INDONESIA,FARM TALITA GARDEN,https://drive.google.com/file/d/1s8wGhktTOET5dRpFNoMZrINd_zJUwo16/view?usp=sharing
2024,8262/PL16/KS.00.00/2024,8 Februari 2024,-,INDONESIA,UKM BAROKAH,https://drive.google.com/file/d/1dXmmCTgMXK5RiNhG0zypGATFcJoXqkIB/view?usp=sharing
2024,-,12 Mei 2024,12 April 2029,TAIWAN,MINGHSIN UNIVERSITY OF SCIENCE AND TECHNOLOGY,https://drive.google.com/file/d/13zdD-tWWYEqmLAOW0Tnvrd4-Ng9wFMWW/view?usp=sharing
,9316/PL16/KS.00.00/2024,-,-,INDONESIA,PT BANK CIMB NIAGA TBK,https://drive.google.com/file/d/1CI_yoi2Nu3SQ58pSQ8QypjNwA0UZqbR1/view?usp=sharing
,9203/PL16/KS/2024,-,-,INDONESIA,PT BUANA CIPTA CHAHRA,https://drive.google.com/file/d/1TADKKKDpg3-uGBdxeEec1ExE9Z4ncGo7/view?usp=sharing
,12471/PL16/KS.00.00/2024,-,-,INDONESIA,LEMBAGA WINNER INDONESIA LEARNING,https://drive.google.com/file/d/1LlXQX_yowWGdHnwyBMC0l1B0fyIzbYVN/view?usp=sharing
,503/PL16/KS.BIV/2023,-,-,INDONESIA,UNIT USAHA MANDIRI ARWANA INDONESIA SPESIALIS,https://drive.google.com/file/d/1W5u1qwPN4VqwAAAAlwSQmJdK8ZDjitd9/view?usp=sharing
,504/PL16/KS.BIV/2023,-,-,INDONESIA,UNIT USAHA TERPADU DNUANSA ARWANA,https://drive.google.com/file/d/1CrdvOm9wQsEfs0w2Bkyk2zaiQyxLDr6p/view?usp=sharing
,505/PL16/KS.BIV/2023,-,-,INDONESIA,UNIT USAHA MANDIRI DUNIA AKUAKULTUR,https://drive.google.com/file/d/1K8nGZiIlMfLO2xQv6KaJQNHG0eWfU8I7/view?usp=sharing
,725/PL16/KS.BIV/2023,-,-,INDONESIA,DINAS PERIKANAN KABUPATEN KAPUAS HULU,https://drive.google.com/file/d/1CKOaJ9e1oQG9RwbDPE2fyyWAspdn7n3Z/view?usp=sharing
,4933/PL16/KS/2024,-,-,INDONESIA,KANTOR PERTANAHAN KABUPATEN KAPUAS HULU,https://drive.google.com/file/d/1Jci83GA_xMDsrXCoiYt0SHBwr9uKMR5-/view?usp=sharing
2024,5536/PL16/KS/2024,7 Januari 2024,-,INDONESIA,YAYASAN WORLD WILDLIFE FUND INDONESIA,https://drive.google.com/file/d/1CNcswlRmtprimGSGZkKLx7av-P82-MeS/view?usp=sharing
,2838/PL16/KS/2024,-,-,INDONESIA,PT BUANA CIPTA CHAHRA,https://drive.google.com/file/d/1xz-UPZzZTP7_MrUhAtFmByrsuA_4bp8S/view?usp=sharing
,8771/PL16/KS/2024,-,-,INDONESIA,LEMBAGA WINNER INDONESIA LEARNING,https://drive.google.com/file/d/1uF-q5qMrCCpoRZwAzC7vUs3A1c4hQTqH/view?usp=sharing
,0756/PL16/KS.00.00/2025,-,-,INDONESIA,INSTITUT TEKNOLOGI DAN KESEHATAN  MUHAMMADIYAH KALIMANTAN BARAT,https://drive.google.com/file/d/12TRzTEPtaAWUZdX-J13rYh2iMJFrLEdH/view?usp=sharing
,13040/PL16/KS.00.00/2024,-,-,INDONESIA,INSTITUT TEKNOLOGI DAN KESEHATAN  MUHAMMADIYAH KALIMANTAN BARAT,https://drive.google.com/file/d/1-vwpXZDS6vZ9ZWOddut70yUvV05LNpTY/view?usp=sharing
,4172/PL16/KS.00.00/2025,-,-,INDONESIA,BALAI PENGELOLAAN SUMBER DAYA PESISIR DAN LAUT PONTIANAK,https://drive.google.com/file/d/1LrOSQjFpyS91YaIbAKk6IP2RCyyJuzwd/view?usp=sharing
,3486/PL16/KS.00.00/2025,-,1 Agustus 2026,INDONESIA,DEUTSCHE GESELLSCHAFT FUR INTERNATIONALE ZUSAMMENARBEIT,https://drive.google.com/file/d/1K94WjZP8ILbb6HMT0mSQ_uh7Oc5L71FN/view?usp=sharing
,4721/PL16/KS.00.00/2025,-,-,INDONESIA,UNIVERSITAS PANCA BHAKTI,https://drive.google.com/file/d/19GcInv2h4yWP3nydeUmwoph2BVApvRP8/view?usp=sharing
,4722/PL16/KS.00.00/2025,-,-,INDONESIA,UNIVERSITAS PANCA BHAKTI,https://drive.google.com/file/d/1hVbGg7x4WxmtktmlZDlKWYQg2A5B1faA/view?usp=sharing
2025,-,1 Januari 2025,-,INDONESIA,PT. KINOBI TECHNOLOGIES INDONESIA,https://drive.google.com/file/d/1i5x_ZU1DIRIQbpCN0orycBAvvyauKGbR/view?usp=sharing
2025,3776/PL16/KS.00.00/2025,4 November 2025,-,INDONESIA,PONDOK PESANTREN MIFTAHUL ULUM KUMPAI,https://drive.google.com/file/d/1_4lTScKrqxNjQwtBecXJ9xlyk4iXsBZ4/view?usp=sharing
2025,4518/PL16/KS.00.00/2025,5 Juni 2025,5 Juni 2027,INDONESIA,PT. BANK NEGARA INDONESIA (PERSERO) TBK.,https://drive.google.com/file/d/1vwvgwRLervaThWxFiDnMLHmS40GylWF3/view?usp=sharing
2025,4521/PL16/KS.00.00/2025,5 Juni 2025,5 Juni 2026,INDONESIA,PT. BANK NEGARA INDONESIA (PERSERO) TBK.,https://drive.google.com/file/d/1Ioqa07Ht_qH-XQ68szGNc0YQQ9Xcyuh9/view?usp=sharing
,4877/PL16/KS.00.00/2025,-,-,INDONESIA,KANTIN LUKAS WIBOWO SASONGKO,https://drive.google.com/file/d/1oS6snRQyh3eU9mS2pqeVZ7N84cs3rALR/view?usp=sharing
,-,-,-,-,-,-
,-,-,-,-,-,-
,-,-,-,-,-,-
,-,-,-,-,-,-
,-,-,-,-,-,-
,-,-,-,-,-,-
,-,-,-,-,-,-
,-,-,-,-,-,-
,-,-,-,-,-,-
,-,-,-,-,-,-
,-,-,-,-,-,-
,-,-,-,-,-,-
,-,-,-,-,-,-
,-,-,-,-,-,-
,-,-,-,-,-,-
,-,-,-,-,-,-
,-,-,-,-,-,-
,-,-,-,-,-,-
,-,-,-,-,-,-
,-,-,-,-,-,-
,-,-,-,-,-,-
,-,-,-,-,-,-
,-,-,-,-,-,-
,-,-,-,-,-,-
,5016/PL16/KS.00.00/2025,-,7 September 2026,INDONESIA,KANTIN HAJAR,https://drive.google.com/file/d/1ScRpG4cPcRfLaedP6LKB8EAy6cLxBOTs/view?usp=sharing
,5017/PL16/KS.00.00/2025,-,7 September 2026,INDONESIA,KANTIN HAJAR,https://drive.google.com/file/d/1dm43-DqZdqsjl55Jg9yIYMOVw71VluvG/view?usp=sharing
2025,4519/PL16/KS.00.00/2025,5 Juni 2025,5 Juni 2027,INDONESIA,PT. BANK TABUNGAN NEGARA (PERSERO) TBK,https://drive.google.com/file/d/1sI2LNq89jfHmFUsjceXXNt_uBji7-XX1/view?usp=sharing
2025,4522/PL16/KS.00.00/2025,5 Juni 2025,5 Juni 2026,INDONESIA,PT. BANK TABUNGAN NEGARA (PERSERO) TBK,https://drive.google.com/file/d/1R4pfPGyYSmS3akuMZUzCB9gLfpQNM2xb/view?usp=sharing
,8034/Pl16/KS/2024,-,-,INDONESIA,PT TRIJAYA INTI SAMUDERA,https://drive.google.com/file/d/1DQ0zk_wYsSU6wctqhEl2v8x36ah3uz5h/view?usp=sharing
2025,5480/PL16/KS.00.00/2025,6 April 2025,-,INDONESIA,DIREKTORAT SEKOLAH DASAR,https://drive.google.com/file/d/11WXLxMD5P6H_r7od97foRBBudLK8IBxX/view?usp=sharing
2025,5984/PL16/KS.00.00/2025,6 Agustus 2025,1 April 2026,INDONESIA,DIREKTORAT SEKOLAH DASAR,https://drive.google.com/file/d/1QcJVOQn_YgpHJMF4kYVN_dzGe6sUyCF9/view?usp=sharing
2025,5551/PL16/KS.00.00/2025,6 Oktober 2025,6 Oktober 2027,INDONESIA,PT ARAH INOVASI TEKNOLOGI,https://drive.google.com/file/d/1G6nafhNZGpz0cD10qCVq2ZAVLjTwj0j9/view?usp=sharing
2025,5554/PL16/KS.00.00/2025,6 Oktober 2025,6 Oktober 2027,INDONESIA,YAYASAN GHALIH PELOPOR PENDIDIKAN,https://drive.google.com/file/d/1cIPFnhoPMBVlpSDhNJzYHp027wXFqbGK/view?usp=sharing
2025,5555/PL16/KS.00.00/2025,6 Oktober 2025,6 Oktober 2027,INDONESIA,YAYASAN GHALIH PELOPOR PENDIDIKAN,https://drive.google.com/file/d/1TQJKE2L0tU-PpMCCNn2-B3KoxSOgrjeE/view?usp=sharing
,6060/PL16/KS.00.00/2025,-,6 Desember 2030,INDONESIA,UNIVERSITAS PGRI PONTIANAK,https://drive.google.com/file/d/1C29hBPNVrlxKLEYyo3RbtRsJMpVCYBvM/view?usp=sharing
,0757/PL16/KS.00.00/2025,-,-,INDONESIA,INSTITUT TEKNOLOGI DAN KESEHATAN  MUHAMMADIYAH KALIMANTAN BARAT,https://drive.google.com/file/d/1ybVrJgoDhldbEX2WirpZS2Yraw9UIwdo/view?usp=sharing
,3502/PL16/KS.00.00/2025,-,-,INDONESIA,LEMBAGA PENYIARAN PUBLIK RADIO REPUBLIK INDONESIA (RRI) ENTIKONG,https://drive.google.com/file/d/1VieMc7hxAl9D7mUznjgcMFnxc9lRJzzG/view?usp=drive_link
2025,5664/PL16/KS.00.00/2025,6 November 2025,6 November 2026,INDONESIA,UNIVERSITAS OSO,https://drive.google.com/file/d/1pbMyUWG93ItIrrMl1jAGTd295Aju7sY2/view?usp=sharing
,6882/PL16/KS.00.00/2025,-,-,INDONESIA,KELOMPOK PKK DESA SUNGAI RASAU,https://drive.google.com/file/d/1Ct5KlS2xpfjm0qodKuHLNuJDtCpFpuuy/view?usp=sharing
2025,6656/PL16/KS.00.00/2025,7 Juli 2025,-,INDONESIA,"KLUB RISET TERAS KOMUNIKA, ILMU KOMUNIKASI FISIP UNTAN",https://drive.google.com/file/d/1Qf_kHzyAraSs7mwZl3YHWf1Z3y83FPkW/view?usp=sharing
2025,3301/PL16/KS.00.00/2025,3 Oktober 2025,-,INDONESIA,RUMAH BUMN SANGGAU,https://drive.google.com/file/d/1RgMBPyzXAGF8dcLmnc8yp5KGQNqZiWbP/view?usp=sharing
2025,3551/PL16/KS.00.00/2025,5 Juli 2025,-,INDONESIA,RUMAH BUMN SANGGAU,https://drive.google.com/file/d/1WEDls9YxBvHasv0ITpCq4qFA_X2PFkzF/view?usp=sharing
2025,4434/PL16/KS.00.00/2025,5 Januari 2025,-,INDONESIA,RUMAH BUMN SANGGAU,https://drive.google.com/file/d/1RNDAF9T6cQXdNiqy3Fivsr6jDKH9u5Y4/view?usp=sharing
,6885/PL16/KS.00.00/2025,-,-,INDONESIA,PEMERINTAH DESA SEBATUAN,https://drive.google.com/file/d/1bvfPrHeAYUEq87QgNk-0Ae_1Qt80br3c/view?usp=sharing
,7178/PL16/KS.00.00/2025,-,-,INDONESIA,BALAI LATIHAN KERJA KOMUNITAS DZAL HAJRA KALIMANTAN BARAT,https://drive.google.com/file/d/1ctOTO7aZwszrBWohSNlADgSSjvm47zHe/view?usp=sharing
,7303/PL16/KS.00.00/2025,-,-,INDONESIA,MIFTAHUL ULUM MART,https://drive.google.com/file/d/1ZwsKw9mAb4SZnDvubHd5DrfV7q_qmaDF/view?usp=sharing
,5116/PL16/KS.00.00/2025,-,-,INDONESIA,PEMERINTAH DESA SUNGAI BESAR,https://drive.google.com/file/d/1cQrrMlGoGTzcbqrT4YPHsEOJA1lt3LUk/view?usp=sharing
,6057/PL16/KS.00.00/2025,-,-,INDONESIA,KELURAHAN KEDAMIN HULU,https://drive.google.com/file/d/12snpUup-WPWPCmITV9uQV6gim6RcmHld/view?usp=sharing
,7036/PL16/KS.00.00/2025,-,-,INDONESIA,KELURAHAN PUTUSSIBAU KOTA,https://drive.google.com/file/d/1FNVvbBBalxmdcuEJIofbx2q_pxbCw4lp/view?usp=drive_link
2025,5542/PL16/KS.00.00/2025,5 Oktober 2025,11 Oktober 2025,INDONESIA,UNIVERSITAS PENDIDIKAN INDONESIA,https://drive.google.com/file/d/1gOFpV5ynBuix1-5qHYdf74aVBg5FUl-z/view?usp=drive_link
2025,7554/PL16/KS.00.00/2025,8 Januari 2025,-,INDONESIA,KAMAR DAGANG INDUSTRI PROVINSI KALIMANTAN BARAT,https://drive.google.com/file/d/1xRT4mtcXm3yz8jSpSNLimU14k4J0vStj/view?usp=drive_link
,6878/PL16/KS.00.00/2025,-,-,INDONESIA,KELOMPOK TANI MAKMUR JAYA,https://drive.google.com/file/d/16Qa6dBsHuXiw1OSrWaKdqQBYycCENH36/view?usp=sharing
2025,6841/PL16/KS.00.00/2025,7 November 2025,11 Oktober 2025,INDONESIA,POKDARWIS BENUA SANGGAU,https://drive.google.com/file/d/1X1g5M61lhyZCLaSSy_Amc6ldn8deFJ3R/view?usp=sharing
2025,6659/PL16/KS.00.00/2025,7 Juli 2025,-,INDONESIA,POKDAKAN HARAPAN JAYA,https://drive.google.com/file/d/14OXRTuFO527o4JWrGtxeRkwbtTIr-KvT/view?usp=sharing
,7084/PL16/KS.00.00/2025,-,-,INDONESIA,PEMERINTAH DESA PAL IX,https://drive.google.com/file/d/1QNZAAhyQbCAZS-qYpqVo8nsJjy0ROXSz/view?usp=sharing
,-,-,-,-,-,-
,-,-,-,-,-,-
,-,-,-,-,-,-
,-,-,-,-,-,-
,-,-,-,-,-,-
,-,-,-,-,-,-
,-,-,-,-,-,-
,-,-,-,-,-,-
,-,-,-,-,-,-
,-,-,-,-,-,-
,-,-,-,-,-,-
,-,-,-,-,-,-
2025,15182/PL16/KS.00.00/2024,1 Februari 2025,-,INDONESIA,KANTIN ICHA,https://drive.google.com/file/d/1nOJXNnkatyw3B3iIs0KIRDURbg8RFouF/view?usp=sharing
,7355/PL16/KS.00.00/2025,-,-,INDONESIA,GERAKAN AKU BELAJAR MENDIDIK NUSANTARA,https://drive.google.com/file/d/1Y62DRjO2xqQG-SDncsEih8qXbFlZ1dpO/view?usp=sharing
,7083/PL16/KS.00.00/2025,-,-,INDONESIA,PEMERINTAH DESA LIMBUNG,https://drive.google.com/file/d/1wSByCQzIwgAY1QgOm-0lmT3zyF88pEXm/view?usp=sharing
,7859/PL16/KS.00.00/2025,-,-,INDONESIA,BAITUL MAAL WATAMWIL AMANAH MAFAZA,https://drive.google.com/file/d/1RmSp4JjqbRuT4SG7P3ljRQTOWD6qwnen/view?usp=sharing
2025,7697/PL16/KS.00.00/2025,8 Juli 2025,-,INDONESIA,MTS NURUL FALAH TELUK PAKEDAI,https://drive.google.com/file/d/15AT-tG2upuBoxtg2kJ_QqsVVMAyK-Wsd/view?usp=sharing
,-,-,-,-,-,-
,-,-,-,-,-,-
,-,-,-,-,-,-
,-,-,-,-,-,-
,-,-,-,-,-,-
,-,-,-,-,-,-
,-,-,-,-,-,-
,-,-,-,-,-,-
,-,-,-,-,-,-
,-,-,-,-,-,-
,-,-,-,-,-,-
,-,-,-,-,-,-
2025,7815/PL16/KS.00.00/2025,8 Desember 2025,8 Desember 2028,CHINA,"WUHAN CENTRAL FOREIGN ECONOMIC & TECHNICAL COOPERATION GROUP Co., Ltd.",https://drive.google.com/file/d/1Cx-_uvRTGV0uWuHTsI6t9avt8_qjN71z/view?usp=sharing
,6924/PL16/KS.00.00/2025,-,-,INDONESIA,SMK NEGERI 1 JELAI,https://drive.google.com/file/d/1u6kZpaZRpn6k0VzyVq7zwfxzARnEJdti/view?usp=sharing
,7341/PL16/KS.00.00/2025,-,-,INDONESIA,BUMDES SERDAM MAJU BERSAMA,https://drive.google.com/file/d/1RNX7tYGS-VRttObaE1vwHuO_fewl_fmM/view?usp=sharing
,7335/PL16/KS.00.00/2025,-,9 Oktober 2025,INDONESIA,PT BORNEO LINTAS DUNIA,https://drive.google.com/file/d/1CoMgWltv2GJdlcTY7RBsiox7Zs8xJ2YA/view?usp=sharing
2025,7779/PL16/KS.00.00/2025,8 November 2025,-,INDONESIA,PEMERINTAH DESA TELUK PAKEDAI HULU,https://drive.google.com/file/d/1YMdCwNwFM4WNRxJJlXquCtkc9pz9na2E/view?usp=sharing
2025,7737/PL16/KS.00.00/2025,8 Agustus 2025,-,INDONESIA,MASJID AL-ITISHOM KUBU RAYA,https://drive.google.com/file/d/1PDwvaYQ4WIF6n-UMbKKn--H-Fr70W6_M/view?usp=sharing
,3503/PL16/KS.00.00/2025,-,-,INDONESIA,MASJID MA'ASH SHABIRIN,https://drive.google.com/file/d/1hM26VCIXlaBwEtGzOQby2W8L-wNEDMgd/view?usp=sharing
,9484/PL16/KS.00.00/2025,-,-,INDONESIA,PEMERINTAH DESA SUNGAI RENGAS,https://drive.google.com/file/d/1LE-2KP6XLGrSV0WIz7cyOvd4bDxOZrFw/view?usp=sharing
2025,6384/PL16/KS.00.00/2025,7 Januari 2025,7 September 2026,INDONESIA,KANTIN HAJAR,https://drive.google.com/file/d/1vTidF6IZD6nT5A4O34ihrZoF53iGyBup/view?usp=sharing
2025,6385/PL16/KS.00.00/2025,7 Januari 2025,7 September 2026,INDONESIA,KANTIN HAJAR,https://drive.google.com/file/d/1yTEiUmTARKxAe2Kk8hS1qnc79ID9JoE1/view?usp=sharing
2025,9888/PL16/KS.00.01/2025,9 April 2025,9 Mei 2025,MALAYSIA,POLITEKNIK KUCHING SARAWAK,https://drive.google.com/file/d/1e837iZopOrD0vkFqerqIULnT7s9WQi0R/view?usp=sharing
2025,9889/PL16/KS.00.01/2025,9 April 2025,9 Mei 2025,MALAYSIA,POLITEKNIK KUCHING SARAWAK,https://drive.google.com/file/d/1opAZRbMlowZS8g076IivyyBlG1y3VGTP/view?usp=sharing
2025,9890/PL16/KS.00.01/2025,9 April 2025,9 Mei 2025,MALAYSIA,POLITEKNIK KUCHING SARAWAK,https://drive.google.com/file/d/1Lo9Fjv5Rt2xO0WkcwwgxjBw4tMxcyAHw/view?usp=sharing
2025,9891/PL16/KS.00.01/2025,9 April 2025,9 Mei 2025,MALAYSIA,POLITEKNIK KUCHING SARAWAK,https://drive.google.com/file/d/13X_SIfB3-SsqWacrRrf0m1unC9GI3O3P/view?usp=sharing
2025,9892/PL16/KS.00.01/2025,9 April 2025,9 Mei 2025,MALAYSIA,POLITEKNIK KUCHING SARAWAK,https://drive.google.com/file/d/1T18_LjlK_38XhPXR7hZpm0iXe2rguhar/view?usp=sharing
2025,9893/PL16/KS.00.01/2025,9 April 2025,9 Mei 2025,MALAYSIA,POLITEKNIK KUCHING SARAWAK,https://drive.google.com/file/d/1IcECfK6OxKjARoQ6RPijIsU-8hzuCeEb/view?usp=sharing
,5865/PL16/KS.00.00/2025,-,-,INDONESIA,KELURAHAN SAGATANI,https://drive.google.com/file/d/1pJvcE8Cg8WhW6h82DQDXGTz-r23__ktn/view?usp=sharing
2025,3794/PL16/KS.00.00/2025,4 November 2025,-,INDONESIA,YAYASAN DZAL HAJRA KUBU RAYA,https://drive.google.com/file/d/1PvjyyZ3jah1jm-H7YOISIc2yYM9_pEbH/view?usp=sharing
2025,4510/PL16/KS.00.00/2025,5 Februari 2025,-,INDONESIA,PONDOK PESANTREN AL-I'TISHOM,https://drive.google.com/file/d/1OlkdrhrjTH8EO7BilOiFrL6qPwtdl2zn/view?usp=drive_link
2025,5444/PL16/KS.00.00/2025,8 Desember 2025,-,INDONESIA,YAYASAN PERGURUAN ISLAMIYAH,https://drive.google.com/file/d/1IWBUqAz2fS_PpVaFF5HPTqM1AHJg3wNQ/view?usp=sharing
2025,6819/PL16/KS.00.00/2025,7 November 2025,-,INDONESIA,BKMT KABUPATEN KUBU RAYA,https://drive.google.com/file/d/1UfPH6_fHToKOHF6ZXmyF9t2JDZ_-jem0/view?usp=drive_link
,6820/PL16/KS.00.00/2025,-,-,INDONESIA,POLITEKNIK NEGERI KETAPANG,https://drive.google.com/file/d/1MyWsk6iP4ZZUvOW5ZOQXY9uC9CbdcPcn/view?usp=sharing
,6884/PL16/KS.00.00/2025,-,-,INDONESIA,SMK NEGERI 2 SAMBAS,https://drive.google.com/file/d/1zcQFcY7UfLb3ATM40suQvkD1LQcmoZuk/view?usp=sharing
,7152/PL16/KS.00.00/2025,-,-,INDONESIA,MAN SUKAMARA,https://drive.google.com/file/d/1RbKJrEDJXZtVnPFLNUNINeQI7aUt0yto/view?usp=sharing
,7272/PL16/KS.00.00/2025,-,-,INDONESIA,MAN SUKAMARA,https://drive.google.com/file/d/1UPZTMu0bATa2NxuclMbG-VH79QbX9sq_/view?usp=sharing
,8136/PL16/KS.00.00/2025,-,-,INDONESIA,SMK NEGERI 1 SUNGAI KUNYIT,https://drive.google.com/file/d/1IrgfP2PhgNIEZUOCfF3srt-A0r9cEFvv/view?usp=sharing
2025,9885/PL16/KS.00.00/2025,5 Februari 2025,-,INDONESIA,MADRASAH TSANAWIYAH BAITUL MUBAROK,https://drive.google.com/file/d/1QAPdkSDWenwSL5fJshWHRfSr8MUMzx1f/view?usp=sharing
,10886/PL16/KS.00.00/2025,-,-,INDONESIA,LSP KOPI INDONESIA,https://drive.google.com/file/d/1fT_ecIRCoB8YlXefLH6w0V8QOsL7hJBT/view?usp=sharing
2025,11737/PL16/KS.00.00/2025,10 September 2025,-,INDONESIA,LEMBAGA WINNER INDONESIA LEARNING,https://drive.google.com/file/d/12fYam89jVSZExkg2hVs_tlwG1UtSTYnt/view?usp=sharing
2025,11738/PL16/KS.00.00/2025,10 Desember 2025,-,INDONESIA,LEMBAGA WINNER INDONESIA LEARNING,https://drive.google.com/file/d/1S6CzYdM2F377Ndq38MCtE6xgY_tE9KCP/view?usp=drive_link
2025,11546/PL16/KS.00.00/2025,10 Juli 2025,-,INDONESIA,SMK NEGERI 4 PONTIANAK,https://drive.google.com/file/d/1K3oQCNx-u51_5bu7whtMWQ4HPOmNVi6T/view?usp=drive_link
,12702/ PL16/KS.00.00/2025,-,-,INDONESIA,FAKULTAS EKONOMI DAN BISNIS UNIVERSITAS TANJUNGPURA,https://drive.google.com/file/d/16OmHhftTzHzF590tQFj1PFiaQMfkDRxQ/view?usp=sharing
2025,12704/PL16/KS.00.00/2025,11 Mei 2025,11 Mei 2027,INDONESIA,DISTRIK NAVIGASI TIPE A KELAS III PONTIANAK,https://drive.google.com/file/d/1K8aBgEwJ6bhLhSCuzJYCfbY0QNDwCVof/view?usp=sharing
2025,13049/PL16/KS.00.00/2025,11 April 2025,-,INDONESIA,DINAS KESEHATAN KABUPATEN KETAPANG,https://drive.google.com/file/d/1w-YfXjEVqXrXjuPapPdH9GHcELxC38HC/view?usp=sharing
,9222/PL16/KS.00.00/2025,-,-,INDONESIA,KRATON PAKUNEGARA TAYAN,https://drive.google.com/file/d/1fX2a0B_kKlRGIBuXxcqXcNfLLN6pqL26/view?usp=sharing
,6104/PL16/KS.00.00/2025,-,-,INDONESIA,BADAN PENELITIAN DAN PENGEMBANGAN DAERAH PROVINSI KALIMANTAN BARAT,https://drive.google.com/file/d/1l0fzinbi7bXKeNZcr15ko9CDxPDEi2SL/view?usp=drive_link
,-,-,1 Januari 1970,-,-,-
,-,-,1 Januari 1970,-,-,-
,-,-,1 Januari 1970,-,-,-
,-,-,1 Januari 1970,-,-,-
,-,-,1 Januari 1970,-,-,-
,-,-,1 Januari 1970,-,-,-
,-,-,1 Januari 1970,-,-,-
,-,-,1 Januari 1970,-,-,-
,-,-,1 Januari 1970,-,-,-
,-,-,1 Januari 1970,-,-,-
,-,-,1 Januari 1970,-,-,-
,-,-,1 Januari 1970,-,-,-
2025,9853/PL16/KS.00.00/2025,9 Februari 2025,9 Januari 2030,INDONESIA,SMK NEGERI 1 PEMANGKAT,https://drive.google.com/file/d/1i5k1ZQDNJcfeysB8eMPSX0X6OwlyivsR/view?usp=drive_link
,12491/PL16/KS.00.00/2025,-,-,INDONESIA,DIPONEGORO SMART SOLUTION,https://drive.google.com/file/d/1QuNJ3glAw7wzSsPc7rd3BfnnWfEJRn65/view?usp=drive_link
,12601/PL16/KS.00.00/2025,-,-,INDONESIA,POLITEKNIK NEGERI LAMPUNG,https://drive.google.com/file/d/1tArsBpZB7L-ZNBLfm0sDVlDANPDk8sye/view?usp=sharing
,12602/PL16/KS.00.00/2025,-,-,INDONESIA,POLITEKNIK NEGERI LAMPUNG,https://drive.google.com/file/d/1UGSLesUJ6BWug83JUd66cohSkT3n7_ge/view?usp=sharing
2025,13265/PL16/KS.00.00/2025,11 Oktober 2025,4 Oktober 2026,INDONESIA,POLITEKNIK NEGERI MALANG,https://drive.google.com/file/d/1mfoXdYm_zdGAyuBomuEk2Vj-jS2X5eQH/view?usp=sharing
,13675/PL16/KS.00.00/2025,-,-,INDONESIA,INDONESIAN SCHOLAR SOCIETY,https://drive.google.com/file/d/1VTzy28AoUzw2Jhd_FKcJ6LWvgTqY5inE/view?usp=sharing
,13676/PL16/KS.00.00/2025,-,-,INDONESIA,INDONESIAN SCHOLAR SOCIETY,https://drive.google.com/file/d/1sPGcE52k7zDmut87Jna1OHDy7loHevB8/view?usp=sharing
,13728/PL16/KS.00.00/2025,-,-,INDONESIA,CV BORCHA,https://drive.google.com/file/d/1kGtXloeTolWshgD_7fqIZ6xzLZy9b02e/view?usp=sharing
,14064/PL16/KS.00.00/2025,-,5 Juni 2026,INDONESIA,PT. BANK NEGARA INDONESIA (PERSERO) TBK.,https://drive.google.com/file/d/156ZSXZSHYi50uYvAWRp0Ux0EXsUlccTq/view?usp=sharing
2025,14637/PL16/KS.00.00/2025,12 April 2025,12 April 2026,INDONESIA,POLITEKNIK AISYIYAH PONTIANAK,https://drive.google.com/file/d/1XAbe2YmIgDM9sYThOj6f0cwFqeqHyzgS/view?usp=sharing
,15295/PL16/KS.00.00/2025,-,-,CHINA,ATLANTIS PRESS,https://drive.google.com/file/d/1lH8d4TaBrWnqdgWJISBdU3rACh01Ogcb/view?usp=drive_link
2025,15529/PL16/KS.00.00/2025,1 Februari 2025,-,INDONESIA,PEMERINTAH DESA SUNGAI DURI II,https://drive.google.com/file/d/1qZ3DPwI2D1AjV4DfrCzX--KvZvhlF9xA/view?usp=sharing
,3610/PL16/KS.00.00/2025,-,-,INDONESIA,RUMAH BUMN SANGGAU,https://drive.google.com/file/d/1f9k9hajRZaW0AU9CnL_hXL7hxNThqSa6/view?usp=drive_link
,3355/PL16/KS/2024,-,-,INDONESIA,BADAN PENGEMBANGAN SUMBER DAYA MANUSIA KOMUNIKASI DAN INFORMATIKA,https://drive.google.com/file/d/1mVDYJF1ltnQ2I21KPwKV04QDz9SZ7spa/view?usp=sharing
,10195/PL16/KS.00.00/2025,-,-,INDONESIA,DIREKTORAT SEKOLAH DASAR,https://drive.google.com/file/d/1I5z7X1EaBQVKf00LKUOlBnhLQBweG3vd/view?usp=sharing
,12651/PL16/KS.00.00/2025,-,-,INDONESIA,PT. BANK NEGARA INDONESIA (PERSERO) TBK.,https://drive.google.com/file/d/1DQa_gQQoDAyJHdVWBOoOWuw0U9SwD2Ej/view?usp=drive_link
2025,14221/PL16/KS.00.00/2025,12 Januari 2025,12 Januari 2030,INDONESIA,UNIT PEMBENIHAN DAN PENDEDERAN IKAN AIR TAWAR (UPPIAT) AMPERA,https://drive.google.com/file/d/1p-MSSMU5ZhgKGckj780pDR171u7aA3yP/view?usp=drive_link
2025,14222/PL16/KS.00.00/2025,12 Januari 2025,12 Januari 2026,INDONESIA,UNIT PEMBENIHAN DAN PENDEDERAN IKAN AIR TAWAR (UPPIAT) AMPERA,https://drive.google.com/file/d/1Q00BdsN5lRMb-3SpvzicSOMoaYLX51wK/view?usp=drive_link
2025,14223/PL16/KS.00.00/2025,12 Januari 2025,12 Januari 2030,INDONESIA,CV AGRIBISNIS MULTI SEKTOR,https://drive.google.com/file/d/1rPojCPgQIe7bEdErYNX3UvM9vTKPblpF/view?usp=sharing
2025,14224/PL16/KS.00.00/2025,12 Januari 2025,12 Januari 2026,INDONESIA,CV AGRIBISNIS MULTI SEKTOR,https://drive.google.com/file/d/10gF9fIQvW889oPi3XAWvnmSdiyjGMt_E/view?usp=drive_link
2025,14812/PL16/KS.00.00/2025,12 September 2025,12 Agustus 2030,INDONESIA,UNIVERSITAS ISLAM NEGERI KIAI HAJI ACHMAD SIDDIQ JEMBER (UIN KHAS JEMBER),https://drive.google.com/file/d/1wNupQgUImV9C91kcDJbl4p5Ye_zYCma0/view?usp=drive_link
,-,-,-,-,-,-
,-,-,-,-,-,-
,-,-,-,-,-,-
,-,-,-,-,-,-
,-,-,-,-,-,-
,-,-,-,-,-,-
,-,-,-,-,-,-
,-,-,-,-,-,-
,-,-,-,-,-,-
,-,-,-,-,-,-
,-,-,-,-,-,-
,-,-,-,-,-,-
,15476/PL16/KS.00.00/2025,-,-,INDONESIA,RW 03 KELURAHAN BANSIR LAUT,https://drive.google.com/file/d/17T1emlA7w1K1IWVwIBDuRN3LPSIAnrog/view?usp=sharing
,15538/PL16/KS.00.00/2025,-,-,INDONESIA,PT INOVASI MINA AGRO,https://drive.google.com/file/d/1V1T54OtQ2O4HL6robMjIOPX3AslBoFmE/view?usp=drive_link
,15539/PL16/KS.00.00/2025,-,-,INDONESIA,PT INOVASI MINA AGRO,https://drive.google.com/file/d/1oPlWhdhngE1ftaNoKqMHNvKTPZeHs2ce/view?usp=drive_link
2025,14759/PL16/KS.00.00/2025,12 Agustus 2025,12 Agustus 2030,INDONESIA,SMK NEGERI 1 SUNGAI RAYA,https://drive.google.com/file/d/1swxTngiLiAwLcVSV-ZAlB3V4j351Dhhu/view?usp=sharing
2025,14760/PL16/KS.00.00/2025,12 Agustus 2025,12 Agustus 2026,INDONESIA,SMK NEGERI 1 SUNGAI RAYA,https://drive.google.com/file/d/1A38fBIUWML002jukezaiPOLhY0TXnT1J/view?usp=drive_link
2025,7744/PL16/KS.00.00/2025,8 November 2025,-,INDONESIA,SMK NEGERI 1 SUNGAI RAYA,https://drive.google.com/file/d/1sBIJLjvwTLvb2pq6q_kzAM5jU9YZd67p/view?usp=drive_link
2025,7744/PL16/KS.00.00/2025,8 November 2025,-,INDONESIA,SMK NEGERI 7 PONTIANAK,https://drive.google.com/file/d/1sBIJLjvwTLvb2pq6q_kzAM5jU9YZd67p/view?usp=drive_link
,-,-,-,-,-,-
,-,-,-,-,-,-
,-,-,-,-,-,-
,-,-,-,-,-,-
,-,-,-,-,-,-
,-,-,-,-,-,-
,-,-,-,-,-,-
,-,-,-,-,-,-
,-,-,-,-,-,-
,-,-,-,-,-,-
,-,-,-,-,-,-
,-,-,-,-,-,-
2025,7273/PL16/KS.00.00/2025,9 Maret 2025,9 Oktober 2025,INDONESIA,PT BORNEO LINTAS DUNIA,https://drive.google.com/file/d/1ued_bIQn9cpH8srB-R4ycCQoRvi5eZZh/view?usp=drive_link
,1885/DST/PL16/KS.00.00/2026,-,-,INDONESIA,POLITEKNIK TONGGAK EQUATOR,https://drive.google.com/file/d/1wBmjY5PUbkqR6e1fcy7efqj8zMF5TzTT/view?usp=drive_link
2026,018/DST/PL16/KS.00.00/2026,1 Januari 2026,-,INDONESIA,KANTIN ICHA,https://drive.google.com/file/d/1Zp8WVuxv-tALBlLRfbVx_akDoaQWVMo9/view?usp=drive_link
,1885/DST/PL16/KS.00.00/2026,-,-,INDONESIA,POLITEKNIK TONGGAK EQUATOR,https://drive.google.com/file/d/1wBmjY5PUbkqR6e1fcy7efqj8zMF5TzTT/view?usp=drive_link
,1601/DST/PL16/KS.00.00/2026,-,-,INDONESIA,POLITEKNIK AISYIYAH PONTIANAK,https://drive.google.com/file/d/1K7S_Q4Rsvt5ty4AG4wv69ILozy7XXYcz/view?usp=drive_link
2026,1099/DST/PL16/KS.00.00/2026,2 Februari 2026,2 Februari 2029,INDONESIA,UNIVERSITAS PGRI PONTIANAK,https://drive.google.com/file/d/1v3PwoQX4ZvS4m-Lw51p5WJ9VHLfzWw9Z/view?usp=drive_link
2026,03/DST/PL16.C3/KS.00.00/2026,2 November 2026,2 November 2026,INDONESIA,UNIVERSITAS PGRI PONTIANAK,https://drive.google.com/file/d/1QVjOcIEbKFWu_1lYbTtmv7xqpudHYim1/view?usp=drive_link
,825/PL16/KS.00.00/2025,-,-,INDONESIA,POLITEKNIK NEGERI SAMBAS,https://drive.google.com/file/d/1bz2unM2R0CLc6ifZ7f-nrqbVU3XvuSxM/view?usp=drive_link
,1799/DST/PL16/KS.00.00/2026,-,-,INDONESIA,PT. BANK NEGARA INDONESIA (PERSERO) TBK.,https://drive.google.com/file/d/1e4IvTinyI0iBaqu_PD6d6V0QuwsSaRI_/view?usp=sharing
2026,1192/DST/PL16/KS.00.00/2026,2 April 2026,2 April 2027,INDONESIA,PT PEGADAIAN KANTOR AREA PONTIANAK,https://drive.google.com/file/d/1IATDtkd_zFVO-8E2a4nEYPR78hfTy3vX/view?usp=drive_link
2026,2179/DST/PL16/KS.00.00/2026,3 November 2026,3 November 2026,INDONESIA,PT SUCOFINDO (PERSERO),https://drive.google.com/file/d/1WbFzV2ghtRCfvEJUsNsEEmJHDonnA8v7/view?usp=drive_link
2026,2235/DST/PL16/KS.00.00/2026,3 Desember 2026,3 Desember 2031,INDONESIA,PT GARUDA INDONESIA (PERSERO) Tbk. CABANG PONTIANAK,https://drive.google.com/file/d/1f4U1ZsU1rKGrXPxq0q8fNIfM8N0Xb3rl/view?usp=sharing
,2983/DST/PL16/KS.00.00/2026,-,-,INDONESIA,PT TRANS HYBRID COMMUNICATION,https://drive.google.com/file/d/1-ulJRAIOb_4nwOoc8-G-JGOL9c80zCCI/view?usp=drive_link
,3162/DST/PL16/KS.00.00/2026,-,-,INDONESIA,PT TRANS HYBRID COMMUNICATION,https://drive.google.com/file/d/1yyZG7fhbi9WvEDKsOJhGxZZ-oI6R8ihF/view?usp=sharing
2026,2264/DST/PL16/KS.00.00/2026,3 Desember 2026,3 Desember 2027,INDONESIA,FAKULTAS SAINS DAN TEKNOLOGI UNIVERSITAS TERBUKA,https://drive.google.com/file/d/1GCBnS7yEgbBFhGD1wRa53_wpYNBHIXvS/view?usp=sharing
,3092/DST/PL16/KS.00.00/2026,-,-,INDONESIA,KOPERASI MULTI PIHAK ZONA GEN-Z BERKARYA,https://drive.google.com/file/d/1pk2tjQVF_dV66_0HWO_GT-98n-BD3F3O/view?usp=sharing
2026,3093/DST/PL16/KS.00.00/2026,5 Januari 2026,-,INDONESIA,KOPERASI MULTI PIHAK ZONA GEN-Z BERKARYA,https://drive.google.com/file/d/1fKxzWTNAafOvHrzXuRad_sQEtobhX7IV/view?usp=sharing
